title,year,director,genre,run_time,movie_id,IMDB_rating,num_votes
The Shawshank Redemption,1994,Frank Darabont,Drama,142,1,9.3,2343110
The Godfather,1972,Francis Ford Coppola,"Crime, Drama",175,2,9.2,1620367
The Dark Knight,2008,Christopher Nolan,"Action, Crime, Drama",152,3,9.0,2303232
The Godfather: Part II,1974,Francis Ford Coppola,"Crime, Drama",202,4,9.0,1129952
12 Angry Men,1957,Sidney Lumet,"Crime, Drama",96,5,9.0,689845
The Lord of the Rings: The Return of the King,2003,Peter Jackson,"Action, Adventure, Drama",201,6,8.9,1642758
Pulp Fiction,1994,Quentin Tarantino,"Crime, Drama",154,7,8.9,1826188
Schindler's List,1993,Steven Spielberg,"Biography, Drama, History",195,8,8.9,1213505
Inception,2010,Christopher Nolan,"Action, Adventure, Sci-Fi",148,9,8.8,2067042
Fight Club,1999,David Fincher,Drama,139,10,8.8,1854740
The Lord of the Rings: The Fellowship of the Ring,2001,Peter Jackson,"Action, Adventure, Drama",178,11,8.8,1661481
Forrest Gump,1994,Robert Zemeckis,"Drama, Romance",142,12,8.8,1809221
"Il buono, il brutto, il cattivo",1966,Sergio Leone,Western,161,13,8.8,688390
The Lord of the Rings: The Two Towers,2002,Peter Jackson,"Action, Adventure, Drama",179,14,8.7,1485555
The Matrix,1999,Lana Wachowski,"Action, Sci-Fi",136,15,8.7,1676426
Goodfellas,1990,Martin Scorsese,"Biography, Crime, Drama",146,16,8.7,1020727
Star Wars: Episode V - The Empire Strikes Back,1980,Irvin Kershner,"Action, Adventure, Fantasy",124,17,8.7,1159315
One Flew Over the Cuckoo's Nest,1975,Milos Forman,Drama,133,18,8.7,918088
Hamilton,2020,Thomas Kail,"Biography, Drama, History",160,19,8.6,55291
Gisaengchung,2019,Bong Joon Ho,"Comedy, Drama, Thriller",132,20,8.6,552778
Soorarai Pottru,2020,Sudha Kongara,Drama,153,21,8.6,54995
Interstellar,2014,Christopher Nolan,"Adventure, Drama, Sci-Fi",169,22,8.6,1512360
Cidade de Deus,2002,Fernando Meirelles,"Crime, Drama",130,23,8.6,699256
Sen to Chihiro no kamikakushi,2001,Hayao Miyazaki,"Animation, Adventure, Family",125,24,8.6,651376
Saving Private Ryan,1998,Steven Spielberg,"Drama, War",169,25,8.6,1235804
The Green Mile,1999,Frank Darabont,"Crime, Drama, Fantasy",189,26,8.6,1147794
La vita è bella,1997,Roberto Benigni,"Comedy, Drama, Romance",116,27,8.6,623629
Se7en,1995,David Fincher,"Crime, Drama, Mystery",127,28,8.6,1445096
The Silence of the Lambs,1991,Jonathan Demme,"Crime, Drama, Thriller",118,29,8.6,1270197
Star Wars,1977,George Lucas,"Action, Adventure, Fantasy",121,30,8.6,1231473
Seppuku,1962,Masaki Kobayashi,"Action, Drama, Mystery",133,31,8.6,42004
Shichinin no samurai,1954,Akira Kurosawa,"Action, Adventure, Drama",207,32,8.6,315744
It's a Wonderful Life,1946,Frank Capra,"Drama, Family, Fantasy",130,33,8.6,405801
Joker,2019,Todd Phillips,"Crime, Drama, Thriller",122,34,8.5,939252
Whiplash,2014,Damien Chazelle,"Drama, Music",106,35,8.5,717585
The Intouchables,2011,Olivier Nakache,"Biography, Comedy, Drama",112,36,8.5,760360
The Prestige,2006,Christopher Nolan,"Drama, Mystery, Sci-Fi",130,37,8.5,1190259
The Departed,2006,Martin Scorsese,"Crime, Drama, Thriller",151,38,8.5,1189773
The Pianist,2002,Roman Polanski,"Biography, Drama, Music",150,39,8.5,729603
Gladiator,2000,Ridley Scott,"Action, Adventure, Drama",155,40,8.5,1341460
American History X,1998,Tony Kaye,Drama,119,41,8.5,1034705
The Usual Suspects,1995,Bryan Singer,"Crime, Mystery, Thriller",106,42,8.5,991208
Léon,1994,Luc Besson,"Action, Crime, Drama",110,43,8.5,1035236
The Lion King,1994,Roger Allers,"Animation, Adventure, Drama",88,44,8.5,942045
Terminator 2: Judgment Day,1991,James Cameron,"Action, Sci-Fi",137,45,8.5,995506
Nuovo Cinema Paradiso,1988,Giuseppe Tornatore,"Drama, Romance",155,46,8.5,230763
Hotaru no haka,1988,Isao Takahata,"Animation, Drama, War",89,47,8.5,235231
Back to the Future,1985,Robert Zemeckis,"Adventure, Comedy, Sci-Fi",116,48,8.5,1058081
Once Upon a Time in the West,1968,Sergio Leone,Western,165,49,8.5,302844
Psycho,1960,Alfred Hitchcock,"Horror, Mystery, Thriller",109,50,8.5,604211
Casablanca,1942,Michael Curtiz,"Drama, Romance, War",102,51,8.5,522093
Modern Times,1936,Charles Chaplin,"Comedy, Drama, Family",87,52,8.5,217881
City Lights,1931,Charles Chaplin,"Comedy, Drama, Romance",87,53,8.5,167839
Capharnaüm,2018,Nadine Labaki,Drama,126,54,8.4,62635
Ayla: The Daughter of War,2017,Can Ulkay,"Biography, Drama, History",125,55,8.4,34112
Vikram Vedha,2017,Gayatri,"Action, Crime, Drama",147,56,8.4,28401
Kimi no na wa.,2016,Makoto Shinkai,"Animation, Drama, Fantasy",106,57,8.4,194838
Dangal,2016,Nitesh Tiwari,"Action, Biography, Drama",161,58,8.4,156479
Spider-Man: Into the Spider-Verse,2018,Bob Persichetti,"Animation, Action, Adventure",117,59,8.4,375110
Avengers: Endgame,2019,Anthony Russo,"Action, Adventure, Drama",181,60,8.4,809955
Avengers: Infinity War,2018,Anthony Russo,"Action, Adventure, Sci-Fi",149,61,8.4,834477
Coco,2017,Lee Unkrich,"Animation, Adventure, Family",105,62,8.4,384171
Django Unchained,2012,Quentin Tarantino,"Drama, Western",165,63,8.4,1357682
The Dark Knight Rises,2012,Christopher Nolan,"Action, Adventure",164,64,8.4,1516346
3 Idiots,2009,Rajkumar Hirani,"Comedy, Drama",170,65,8.4,344445
Taare Zameen Par,2007,Aamir Khan,"Drama, Family",165,66,8.4,168895
WALL·E,2008,Andrew Stanton,"Animation, Adventure, Family",98,67,8.4,999790
The Lives of Others,2006,Florian Henckel von Donnersmarck,"Drama, Mystery, Thriller",137,68,8.4,358685
Oldeuboi,2003,Chan-wook Park,"Action, Drama, Mystery",101,69,8.4,515451
Memento,2000,Christopher Nolan,"Mystery, Thriller",113,70,8.4,1125712
Mononoke-hime,1997,Hayao Miyazaki,"Animation, Action, Adventure",134,71,8.4,343171
Once Upon a Time in America,1984,Sergio Leone,"Crime, Drama",229,72,8.4,311365
Raiders of the Lost Ark,1981,Steven Spielberg,"Action, Adventure",115,73,8.4,884112
The Shining,1980,Stanley Kubrick,"Drama, Horror",146,74,8.4,898237
Apocalypse Now,1979,Francis Ford Coppola,"Drama, Mystery, War",147,75,8.4,606398
Alien,1979,Ridley Scott,"Horror, Sci-Fi",117,76,8.4,787806
Anand,1971,Hrishikesh Mukherjee,"Drama, Musical",122,77,8.4,30273
Tengoku to jigoku,1963,Akira Kurosawa,"Crime, Drama, Mystery",143,78,8.4,34357
Dr. Strangelove or: How I Learned to Stop Worrying and Love the Bomb,1964,Stanley Kubrick,Comedy,95,79,8.4,450474
Witness for the Prosecution,1957,Billy Wilder,"Crime, Drama, Mystery",116,80,8.4,108862
Paths of Glory,1957,Stanley Kubrick,"Drama, War",88,81,8.4,178092
Rear Window,1954,Alfred Hitchcock,"Mystery, Thriller",112,82,8.4,444074
Sunset Blvd.,1950,Billy Wilder,"Drama, Film-Noir",110,83,8.4,201632
The Great Dictator,1940,Charles Chaplin,"Comedy, Drama, War",125,84,8.4,203150
1917,2019,Sam Mendes,"Drama, Thriller, War",119,85,8.3,425844
Tumbbad,2018,Rahi Anil Barve,"Drama, Fantasy, Horror",104,86,8.3,27793
Andhadhun,2018,Sriram Raghavan,"Crime, Drama, Music",139,87,8.3,71875
Drishyam,2013,Jeethu Joseph,"Crime, Drama, Thriller",160,88,8.3,30722
Jagten,2012,Thomas Vinterberg,Drama,115,89,8.3,281623
Jodaeiye Nader az Simin,2011,Asghar Farhadi,Drama,123,90,8.3,220002
Incendies,2010,Denis Villeneuve,"Drama, Mystery, War",131,91,8.3,150023
Miracle in cell NO.7,2019,Mehmet Ada Öztekin,Drama,132,92,8.3,33935
Babam ve Oglum,2005,Çagan Irmak,"Drama, Family",112,93,8.3,78925
Inglourious Basterds,2009,Quentin Tarantino,"Adventure, Drama, War",153,94,8.3,1267869
Eternal Sunshine of the Spotless Mind,2004,Michel Gondry,"Drama, Romance, Sci-Fi",108,95,8.3,911664
Amélie,2001,Jean-Pierre Jeunet,"Comedy, Romance",122,96,8.3,703810
Snatch,2000,Guy Ritchie,"Comedy, Crime",104,97,8.3,782001
Requiem for a Dream,2000,Darren Aronofsky,Drama,102,98,8.3,766870
American Beauty,1999,Sam Mendes,Drama,122,99,8.3,1069738
Good Will Hunting,1997,Gus Van Sant,"Drama, Romance",126,100,8.3,861606
Bacheha-Ye aseman,1997,Majid Majidi,"Drama, Family, Sport",89,101,8.3,65341
Toy Story,1995,John Lasseter,"Animation, Adventure, Comedy",81,102,8.3,887429
Braveheart,1995,Mel Gibson,"Biography, Drama, History",178,103,8.3,959181
Reservoir Dogs,1992,Quentin Tarantino,"Crime, Drama, Thriller",99,104,8.3,918562
Full Metal Jacket,1987,Stanley Kubrick,"Drama, War",116,105,8.3,675146
Idi i smotri,1985,Elem Klimov,"Drama, Thriller, War",142,106,8.3,59056
Aliens,1986,James Cameron,"Action, Adventure, Sci-Fi",137,107,8.3,652719
Amadeus,1984,Milos Forman,"Biography, Drama, History",160,108,8.3,369007
Scarface,1983,Brian De Palma,"Crime, Drama",170,109,8.3,740911
Star Wars: Episode VI - Return of the Jedi,1983,Richard Marquand,"Action, Adventure, Fantasy",131,110,8.3,950470
Das Boot,1981,Wolfgang Petersen,"Adventure, Drama, Thriller",149,111,8.3,231855
Taxi Driver,1976,Martin Scorsese,"Crime, Drama",114,112,8.3,724636
The Sting,1973,George Roy Hill,"Comedy, Crime, Drama",129,113,8.3,241513
A Clockwork Orange,1971,Stanley Kubrick,"Crime, Drama, Sci-Fi",136,114,8.3,757904
2001: A Space Odyssey,1968,Stanley Kubrick,"Adventure, Sci-Fi",149,115,8.3,603517
Per qualche dollaro in più,1965,Sergio Leone,Western,132,116,8.3,232772
Lawrence of Arabia,1962,David Lean,"Adventure, Biography, Drama",228,117,8.3,268085
The Apartment,1960,Billy Wilder,"Comedy, Drama, Romance",125,118,8.3,164363
North by Northwest,1959,Alfred Hitchcock,"Adventure, Mystery, Thriller",136,119,8.3,299198
Vertigo,1958,Alfred Hitchcock,"Mystery, Romance, Thriller",128,120,8.3,364368
Singin' in the Rain,1952,Stanley Donen,"Comedy, Musical, Romance",103,121,8.3,218957
Ikiru,1952,Akira Kurosawa,Drama,143,122,8.3,68463
Ladri di biciclette,1948,Vittorio De Sica,Drama,89,123,8.3,146427
Double Indemnity,1944,Billy Wilder,"Crime, Drama, Film-Noir",107,124,8.3,143525
Citizen Kane,1941,Orson Welles,"Drama, Mystery",119,125,8.3,403351
M - Eine Stadt sucht einen Mörder,1931,Fritz Lang,"Crime, Mystery, Thriller",117,126,8.3,143434
Metropolis,1927,Fritz Lang,"Drama, Sci-Fi",153,127,8.3,159992
The Kid,1921,Charles Chaplin,"Comedy, Drama, Family",68,128,8.3,113314
Chhichhore,2019,Nitesh Tiwari,"Comedy, Drama",143,129,8.2,33893
Uri: The Surgical Strike,2018,Aditya Dhar,"Action, Drama, War",138,130,8.2,43444
K.G.F: Chapter 1,2018,Prashanth Neel,"Action, Drama",156,131,8.2,36680
Green Book,2018,Peter Farrelly,"Biography, Comedy, Drama",130,132,8.2,377884
"Three Billboards Outside Ebbing, Missouri",2017,Martin McDonagh,"Comedy, Crime, Drama",115,133,8.2,432610
Talvar,2015,Meghna Gulzar,"Crime, Drama, Mystery",132,134,8.2,31142
Baahubali 2: The Conclusion,2017,S.S. Rajamouli,"Action, Drama",167,135,8.2,75348
Klaus,2019,Sergio Pablos,"Animation, Adventure, Comedy",96,136,8.2,104761
Drishyam,2015,Nishikant Kamat,"Crime, Drama, Mystery",163,137,8.2,70367
Queen,2013,Vikas Bahl,"Adventure, Comedy, Drama",146,138,8.2,60701
Mandariinid,2013,Zaza Urushadze,"Drama, War",87,139,8.2,40382
Bhaag Milkha Bhaag,2013,Rakeysh Omprakash Mehra,"Biography, Drama, Sport",186,140,8.2,61137
Gangs of Wasseypur,2012,Anurag Kashyap,"Action, Comedy, Crime",321,141,8.2,82365
Udaan,2010,Vikramaditya Motwane,Drama,134,142,8.2,42341
Paan Singh Tomar,2012,Tigmanshu Dhulia,"Action, Biography, Crime",135,143,8.2,33237
El secreto de sus ojos,2009,Juan José Campanella,"Drama, Mystery, Romance",129,144,8.2,193217
Warrior,2011,Gavin O'Connor,"Action, Drama, Sport",140,145,8.2,435950
Shutter Island,2010,Martin Scorsese,"Mystery, Thriller",138,146,8.2,1129894
Up,2009,Pete Docter,"Animation, Adventure, Comedy",96,147,8.2,935507
The Wolf of Wall Street,2013,Martin Scorsese,"Biography, Crime, Drama",180,148,8.2,1187498
Chak De! India,2007,Shimit Amin,"Drama, Family, Sport",153,149,8.2,74129
There Will Be Blood,2007,Paul Thomas Anderson,Drama,158,150,8.2,517359
Pan's Labyrinth,2006,Guillermo del Toro,"Drama, Fantasy, War",118,151,8.2,618623
Toy Story 3,2010,Lee Unkrich,"Animation, Adventure, Comedy",103,152,8.2,757032
V for Vendetta,2005,James McTeigue,"Action, Drama, Sci-Fi",132,153,8.2,1032749
Rang De Basanti,2006,Rakeysh Omprakash Mehra,"Comedy, Crime, Drama",167,154,8.2,111937
Black,2005,Sanjay Leela Bhansali,Drama,122,155,8.2,33354
Batman Begins,2005,Christopher Nolan,"Action, Adventure",140,156,8.2,1308302
"Swades: We, the People",2004,Ashutosh Gowariker,Drama,210,157,8.2,83005
Der Untergang,2004,Oliver Hirschbiegel,"Biography, Drama, History",156,158,8.2,331308
Hauru no ugoku shiro,2004,Hayao Miyazaki,"Animation, Adventure, Family",119,159,8.2,333915
A Beautiful Mind,2001,Ron Howard,"Biography, Drama",135,160,8.2,848920
Hera Pheri,2000,Priyadarshan,"Action, Comedy, Crime",156,161,8.2,57057
"Lock, Stock and Two Smoking Barrels",1998,Guy Ritchie,"Action, Comedy, Crime",107,162,8.2,535216
L.A. Confidential,1997,Curtis Hanson,"Crime, Drama, Mystery",138,163,8.2,531967
Eskiya,1996,Yavuz Turgul,"Crime, Drama, Thriller",128,164,8.2,64118
Heat,1995,Michael Mann,"Crime, Drama, Thriller",170,165,8.2,577113
Casino,1995,Martin Scorsese,"Crime, Drama",178,166,8.2,466276
Andaz Apna Apna,1994,Rajkumar Santoshi,"Action, Comedy, Romance",160,167,8.2,49300
Unforgiven,1992,Clint Eastwood,"Drama, Western",130,168,8.2,375935
Indiana Jones and the Last Crusade,1989,Steven Spielberg,"Action, Adventure",127,169,8.2,692366
Dom za vesanje,1988,Emir Kusturica,"Comedy, Crime, Drama",142,170,8.2,26402
Tonari no Totoro,1988,Hayao Miyazaki,"Animation, Family, Fantasy",86,171,8.2,291180
Die Hard,1988,John McTiernan,"Action, Thriller",132,172,8.2,793164
Ran,1985,Akira Kurosawa,"Action, Drama, War",162,173,8.2,112505
Raging Bull,1980,Martin Scorsese,"Biography, Drama, Sport",129,174,8.2,321860
Stalker,1979,Andrei Tarkovsky,"Drama, Sci-Fi",162,175,8.2,116945
Höstsonaten,1978,Ingmar Bergman,"Drama, Music",99,176,8.2,26875
The Message,1976,Moustapha Akkad,"Biography, Drama, History",177,177,8.2,43885
Sholay,1975,Ramesh Sippy,"Action, Adventure, Comedy",204,178,8.2,51284
Monty Python and the Holy Grail,1975,Terry Gilliam,"Adventure, Comedy, Fantasy",91,179,8.2,500875
The Great Escape,1963,John Sturges,"Adventure, Drama, History",172,180,8.2,224730
To Kill a Mockingbird,1962,Robert Mulligan,"Crime, Drama",129,181,8.2,293811
Yôjinbô,1961,Akira Kurosawa,"Action, Drama, Thriller",110,182,8.2,111244
Judgment at Nuremberg,1961,Stanley Kramer,"Drama, War",179,183,8.2,69458
Some Like It Hot,1959,Billy Wilder,"Comedy, Music, Romance",121,184,8.2,243943
Smultronstället,1957,Ingmar Bergman,"Drama, Romance",91,185,8.2,96381
Det sjunde inseglet,1957,Ingmar Bergman,"Drama, Fantasy, History",96,186,8.2,164939
Du rififi chez les hommes,1955,Jules Dassin,"Crime, Drama, Thriller",118,187,8.2,28810
Dial M for Murder,1954,Alfred Hitchcock,"Crime, Thriller",105,188,8.2,158335
Tôkyô monogatari,1953,Yasujirô Ozu,Drama,136,189,8.2,53153
Rashômon,1950,Akira Kurosawa,"Crime, Drama, Mystery",88,190,8.2,152572
All About Eve,1950,Joseph L. Mankiewicz,Drama,138,191,8.2,120539
The Treasure of the Sierra Madre,1948,John Huston,"Adventure, Drama, Western",126,192,8.2,114304
To Be or Not to Be,1942,Ernst Lubitsch,"Comedy, War",99,193,8.2,29915
The Gold Rush,1925,Charles Chaplin,"Adventure, Comedy, Drama",95,194,8.2,101053
Sherlock Jr.,1924,Buster Keaton,"Action, Comedy, Romance",45,195,8.2,41985
Portrait de la jeune fille en feu,2019,Céline Sciamma,"Drama, Romance",122,196,8.1,63134
Pink,2016,Aniruddha Roy Chowdhury,"Drama, Thriller",136,197,8.1,39216
Koe no katachi,2016,Naoko Yamada,"Animation, Drama, Family",130,198,8.1,47708
Contratiempo,2016,Oriol Paulo,"Crime, Drama, Mystery",106,199,8.1,141516
Ah-ga-ssi,2016,Chan-wook Park,"Drama, Romance, Thriller",145,200,8.1,113649
Mommy,2014,Xavier Dolan,Drama,139,201,8.1,50700
Haider,2014,Vishal Bhardwaj,"Action, Crime, Drama",160,202,8.1,50445
Logan,2017,James Mangold,"Action, Drama, Sci-Fi",137,203,8.1,647884
Room,2015,Lenny Abrahamson,"Drama, Thriller",118,204,8.1,371538
Relatos salvajes,2014,Damián Szifron,"Comedy, Drama, Thriller",122,205,8.1,177059
Soul,2020,Pete Docter,"Animation, Adventure, Comedy",100,206,8.1,159171
Kis Uykusu,2014,Nuri Bilge Ceylan,Drama,196,207,8.1,46547
PK,2014,Rajkumar Hirani,"Comedy, Drama, Musical",153,208,8.1,163061
OMG: Oh My God!,2012,Umesh Shukla,"Comedy, Drama, Fantasy",125,209,8.1,51739
The Grand Budapest Hotel,2014,Wes Anderson,"Adventure, Comedy, Crime",99,210,8.1,707630
Gone Girl,2014,David Fincher,"Drama, Mystery, Thriller",149,211,8.1,859695
Ôkami kodomo no Ame to Yuki,2012,Mamoru Hosoda,"Animation, Drama, Fantasy",117,212,8.1,38803
Hacksaw Ridge,2016,Mel Gibson,"Biography, Drama, History",139,213,8.1,435928
Inside Out,2015,Pete Docter,"Animation, Adventure, Comedy",95,214,8.1,616228
Barfi!,2012,Anurag Basu,"Comedy, Drama, Romance",151,215,8.1,75721
12 Years a Slave,2013,Steve McQueen,"Biography, Drama, History",134,216,8.1,640533
Rush,2013,Ron Howard,"Action, Biography, Drama",123,217,8.1,432811
Ford v Ferrari,2019,James Mangold,"Action, Biography, Drama",152,218,8.1,291289
Spotlight,2015,Tom McCarthy,"Biography, Crime, Drama",129,219,8.1,420316
Song of the Sea,2014,Tomm Moore,"Animation, Adventure, Drama",93,220,8.1,51679
Kahaani,2012,Sujoy Ghosh,"Mystery, Thriller",122,221,8.1,57806
Zindagi Na Milegi Dobara,2011,Zoya Akhtar,"Comedy, Drama",155,222,8.1,67927
Prisoners,2013,Denis Villeneuve,"Crime, Drama, Mystery",153,223,8.1,601149
Mad Max: Fury Road,2015,George Miller,"Action, Adventure, Sci-Fi",120,224,8.1,882316
A Wednesday,2008,Neeraj Pandey,"Action, Crime, Drama",104,225,8.1,73891
Gran Torino,2008,Clint Eastwood,Drama,116,226,8.1,720450
Harry Potter and the Deathly Hallows: Part 2,2011,David Yates,"Adventure, Drama, Fantasy",130,227,8.1,764493
Okuribito,2008,Yôjirô Takita,"Drama, Music",130,228,8.1,48582
Hachi: A Dog's Tale,2009,Lasse Hallström,"Biography, Drama, Family",93,229,8.1,253575
Mary and Max,2009,Adam Elliot,"Animation, Comedy, Drama",92,230,8.1,164462
How to Train Your Dragon,2010,Dean DeBlois,"Animation, Action, Adventure",98,231,8.1,666773
Into the Wild,2007,Sean Penn,"Adventure, Biography, Drama",148,232,8.1,572921
No Country for Old Men,2007,Ethan Coen,"Crime, Drama, Thriller",122,233,8.1,856916
Lage Raho Munna Bhai,2006,Rajkumar Hirani,"Comedy, Drama, Romance",144,234,8.1,43137
Million Dollar Baby,2004,Clint Eastwood,"Drama, Sport",132,235,8.1,635975
Hotel Rwanda,2004,Terry George,"Biography, Drama, History",121,236,8.1,334320
Taegukgi hwinalrimyeo,2004,Je-kyu Kang,"Action, Drama, War",140,237,8.1,37820
Before Sunset,2004,Richard Linklater,"Drama, Romance",80,238,8.1,236311
Munna Bhai M.B.B.S.,2003,Rajkumar Hirani,"Comedy, Drama, Musical",156,239,8.1,73992
Salinui chueok,2003,Bong Joon Ho,"Crime, Drama, Mystery",131,240,8.1,139558
Dil Chahta Hai,2001,Farhan Akhtar,"Comedy, Drama, Romance",183,241,8.1,66803
Kill Bill: Vol. 1,2003,Quentin Tarantino,"Action, Crime, Drama",111,242,8.1,1000639
Finding Nemo,2003,Andrew Stanton,"Animation, Adventure, Comedy",100,243,8.1,949565
Catch Me If You Can,2002,Steven Spielberg,"Biography, Crime, Drama",141,244,8.1,832846
Amores perros,2000,Alejandro G. Iñárritu,"Drama, Thriller",154,245,8.1,223741
"Monsters, Inc.",2001,Pete Docter,"Animation, Adventure, Comedy",92,246,8.1,815505
"Shin seiki Evangelion Gekijô-ban: Air/Magokoro wo, kimi ni",1997,Hideaki Anno,"Animation, Action, Drama",87,247,8.1,38847
Lagaan: Once Upon a Time in India,2001,Ashutosh Gowariker,"Adventure, Drama, Musical",224,248,8.1,105036
The Sixth Sense,1999,M. Night Shyamalan,"Drama, Mystery, Thriller",107,249,8.1,911573
La leggenda del pianista sull'oceano,1998,Giuseppe Tornatore,"Drama, Music, Romance",169,250,8.1,59020
The Truman Show,1998,Peter Weir,"Comedy, Drama",103,251,8.1,939631
"Crna macka, beli macor",1998,Emir Kusturica,"Comedy, Crime, Romance",127,252,8.1,50862
The Big Lebowski,1998,Joel Coen,"Comedy, Crime, Sport",117,253,8.1,732620
Fa yeung nin wah,2000,Kar-Wai Wong,"Drama, Romance",98,254,8.1,124383
Trainspotting,1996,Danny Boyle,Drama,93,255,8.1,634716
Fargo,1996,Joel Coen,"Crime, Drama, Thriller",98,256,8.1,617444
Underground,1995,Emir Kusturica,"Comedy, Drama, War",170,257,8.1,55220
La haine,1995,Mathieu Kassovitz,"Crime, Drama",98,258,8.1,150345
Dilwale Dulhania Le Jayenge,1995,Aditya Chopra,"Drama, Romance",189,259,8.1,63516
Before Sunrise,1995,Richard Linklater,"Drama, Romance",101,260,8.1,272291
Trois couleurs: Rouge,1994,Krzysztof Kieslowski,"Drama, Mystery, Romance",99,261,8.1,90729
Chung Hing sam lam,1994,Kar-Wai Wong,"Comedy, Crime, Drama",102,262,8.1,63122
Jurassic Park,1993,Steven Spielberg,"Action, Adventure, Sci-Fi",127,263,8.1,867615
In the Name of the Father,1993,Jim Sheridan,"Biography, Crime, Drama",133,264,8.1,156842
Ba wang bie ji,1993,Kaige Chen,"Drama, Music, Romance",171,265,8.1,25088
Dà hóng denglong gaogao guà,1991,Yimou Zhang,"Drama, History, Romance",125,266,8.1,29662
Dead Poets Society,1989,Peter Weir,"Comedy, Drama",128,267,8.1,425457
Stand by Me,1986,Rob Reiner,"Adventure, Drama",89,268,8.1,363401
Platoon,1986,Oliver Stone,"Drama, War",120,269,8.1,381222
"Paris, Texas",1984,Wim Wenders,Drama,145,270,8.1,91188
Kaze no tani no Naushika,1984,Hayao Miyazaki,"Animation, Adventure, Fantasy",117,271,8.1,150924
The Thing,1982,John Carpenter,"Horror, Mystery, Sci-Fi",109,272,8.1,371271
Pink Floyd: The Wall,1982,Alan Parker,"Drama, Fantasy, Music",95,273,8.1,76081
Fitzcarraldo,1982,Werner Herzog,"Adventure, Drama",158,274,8.1,31595
Fanny och Alexander,1982,Ingmar Bergman,Drama,188,275,8.1,57784
Blade Runner,1982,Ridley Scott,"Action, Sci-Fi, Thriller",117,276,8.1,693827
The Elephant Man,1980,David Lynch,"Biography, Drama",124,277,8.1,220078
Life of Brian,1979,Terry Jones,Comedy,94,278,8.1,367250
The Deer Hunter,1978,Michael Cimino,"Drama, War",183,279,8.1,311361
Rocky,1976,John G. Avildsen,"Drama, Sport",120,280,8.1,518546
Network,1976,Sidney Lumet,Drama,121,281,8.1,144911
Barry Lyndon,1975,Stanley Kubrick,"Adventure, Drama, History",185,282,8.1,149843
Zerkalo,1975,Andrei Tarkovsky,"Biography, Drama",107,283,8.1,40081
Chinatown,1974,Roman Polanski,"Drama, Mystery, Thriller",130,284,8.1,294230
Paper Moon,1973,Peter Bogdanovich,"Comedy, Crime, Drama",102,285,8.1,42285
Viskningar och rop,1972,Ingmar Bergman,Drama,91,286,8.1,30206
Solaris,1972,Andrei Tarkovsky,"Drama, Mystery, Sci-Fi",167,287,8.1,81021
Le samouraï,1967,Jean-Pierre Melville,"Crime, Drama, Mystery",105,288,8.1,45434
Cool Hand Luke,1967,Stuart Rosenberg,"Crime, Drama",127,289,8.1,161984
Persona,1966,Ingmar Bergman,"Drama, Thriller",85,290,8.1,103191
Andrei Rublev,1966,Andrei Tarkovsky,"Biography, Drama, History",205,291,8.1,46947
La battaglia di Algeri,1966,Gillo Pontecorvo,"Drama, War",121,292,8.1,53089
El ángel exterminador,1962,Luis Buñuel,"Drama, Fantasy",95,293,8.1,29682
What Ever Happened to Baby Jane?,1962,Robert Aldrich,"Drama, Horror, Thriller",134,294,8.1,50058
Sanjuro,1962,Akira Kurosawa,"Action, Comedy, Crime",96,295,8.1,33044
The Man Who Shot Liberty Valance,1962,John Ford,"Drama, Western",123,296,8.1,68827
Ivanovo detstvo,1962,Andrei Tarkovsky,"Drama, War",95,297,8.1,31728
Jungfrukällan,1960,Ingmar Bergman,Drama,89,298,8.1,26697
Inherit the Wind,1960,Stanley Kramer,"Biography, Drama, History",128,299,8.1,27254
Les quatre cents coups,1959,François Truffaut,"Crime, Drama",99,300,8.1,105291
Ben-Hur,1959,William Wyler,"Adventure, Drama, History",212,301,8.1,219466
Kakushi-toride no san-akunin,1958,Akira Kurosawa,"Adventure, Drama",139,302,8.1,34797
Le notti di Cabiria,1957,Federico Fellini,Drama,110,303,8.1,42940
Kumonosu-jô,1957,Akira Kurosawa,"Drama, History",110,304,8.1,46678
The Bridge on the River Kwai,1957,David Lean,"Adventure, Drama, War",161,305,8.1,203463
On the Waterfront,1954,Elia Kazan,"Crime, Drama, Thriller",108,306,8.1,142107
Le salaire de la peur,1953,Henri-Georges Clouzot,"Adventure, Drama, Thriller",131,307,8.1,54588
Ace in the Hole,1951,Billy Wilder,"Drama, Film-Noir",111,308,8.1,31568
White Heat,1949,Raoul Walsh,"Action, Crime, Drama",114,309,8.1,29807
The Third Man,1949,Carol Reed,"Film-Noir, Mystery, Thriller",104,310,8.1,158731
The Red Shoes,1948,Michael Powell,"Drama, Music, Romance",135,311,8.1,30935
The Shop Around the Corner,1940,Ernst Lubitsch,"Comedy, Drama, Romance",99,312,8.1,28450
Rebecca,1940,Alfred Hitchcock,"Drama, Mystery, Romance",130,313,8.1,123942
Mr. Smith Goes to Washington,1939,Frank Capra,"Comedy, Drama",129,314,8.1,107017
Gone with the Wind,1939,Victor Fleming,"Drama, History, Romance",238,315,8.1,290074
La Grande Illusion,1937,Jean Renoir,"Drama, War",113,316,8.1,33829
It Happened One Night,1934,Frank Capra,"Comedy, Romance",105,317,8.1,94016
La passion de Jeanne d'Arc,1928,Carl Theodor Dreyer,"Biography, Drama, History",110,318,8.1,47676
The Circus,1928,Charles Chaplin,"Comedy, Romance",72,319,8.1,30205
Sunrise: A Song of Two Humans,1927,F.W. Murnau,"Drama, Romance",94,320,8.1,46865
The General,1926,Clyde Bruckman,"Action, Adventure, Comedy",67,321,8.1,81156
Das Cabinet des Dr. Caligari,1920,Robert Wiene,"Fantasy, Horror, Mystery",76,322,8.1,57428
Badhaai ho,2018,Amit Ravindernath Sharma,"Comedy, Drama",124,323,8.0,27978
Togo,2019,Ericson Core,"Adventure, Biography, Drama",113,324,8.0,37556
Airlift,2016,Raja Menon,"Drama, History",130,325,8.0,52897
Bajrangi Bhaijaan,2015,Kabir Khan,"Action, Adventure, Comedy",163,326,8.0,72245
Baby,2015,Neeraj Pandey,"Action, Crime, Thriller",159,327,8.0,52848
La La Land,2016,Damien Chazelle,"Comedy, Drama, Music",128,328,8.0,505918
Lion,2016,Garth Davis,"Biography, Drama",118,329,8.0,213970
The Martian,2015,Ridley Scott,"Adventure, Drama, Sci-Fi",144,330,8.0,760094
Zootopia,2016,Byron Howard,"Animation, Adventure, Comedy",108,331,8.0,434143
Bãhubali: The Beginning,2015,S.S. Rajamouli,"Action, Drama",159,332,8.0,102972
Kaguyahime no monogatari,2013,Isao Takahata,"Animation, Adventure, Drama",137,333,8.0,38746
Wonder,2017,Stephen Chbosky,"Drama, Family",113,334,8.0,141923
Gully Boy,2019,Zoya Akhtar,"Drama, Music, Romance",154,335,8.0,31886
Special Chabbis,2013,Neeraj Pandey,"Crime, Drama, Thriller",144,336,8.0,51069
Short Term 12,2013,Destin Daniel Cretton,Drama,96,337,8.0,81770
Serbuan maut 2: Berandal,2014,Gareth Evans,"Action, Crime, Thriller",150,338,8.0,114316
The Imitation Game,2014,Morten Tyldum,"Biography, Drama, Thriller",114,339,8.0,685201
Guardians of the Galaxy,2014,James Gunn,"Action, Adventure, Comedy",121,340,8.0,1043455
Blade Runner 2049,2017,Denis Villeneuve,"Action, Drama, Mystery",164,341,8.0,461823
Her,2013,Spike Jonze,"Drama, Romance, Sci-Fi",126,342,8.0,540772
Bohemian Rhapsody,2018,Bryan Singer,"Biography, Drama, Music",134,343,8.0,450349
The Revenant,2015,Alejandro G. Iñárritu,"Action, Adventure, Drama",156,344,8.0,705589
The Perks of Being a Wallflower,2012,Stephen Chbosky,"Drama, Romance",103,345,8.0,462252
Tropa de Elite 2: O Inimigo Agora é Outro,2010,José Padilha,"Action, Crime, Drama",115,346,8.0,79200
The King's Speech,2010,Tom Hooper,"Biography, Drama, History",118,347,8.0,639603
The Help,2011,Tate Taylor,Drama,146,348,8.0,428521
Deadpool,2016,Tim Miller,"Action, Adventure, Comedy",108,349,8.0,902669
Darbareye Elly,2009,Asghar Farhadi,"Drama, Mystery",119,350,8.0,45803
Dev.D,2009,Anurag Kashyap,"Drama, Romance",144,351,8.0,28749
Yip Man,2008,Wilson Yip,"Action, Biography, Drama",106,352,8.0,211427
My Name Is Khan,2010,Karan Johar,Drama,165,353,8.0,98575
Nefes: Vatan Sagolsun,2009,Levent Semerci,"Action, Drama, Thriller",128,354,8.0,31838
Slumdog Millionaire,2008,Danny Boyle,"Drama, Romance",120,355,8.0,798882
Black Swan,2010,Darren Aronofsky,"Drama, Thriller",108,356,8.0,699673
Tropa de Elite,2007,José Padilha,"Action, Crime, Drama",115,357,8.0,98097
The Avengers,2012,Joss Whedon,"Action, Adventure, Sci-Fi",143,358,8.0,1260806
Persepolis,2007,Vincent Paronnaud,"Animation, Biography, Drama",96,359,8.0,88656
Dallas Buyers Club,2013,Jean-Marc Vallée,"Biography, Drama",117,360,8.0,441614
The Pursuit of Happyness,2006,Gabriele Muccino,"Biography, Drama",117,361,8.0,448930
Blood Diamond,2006,Edward Zwick,"Adventure, Drama, Thriller",143,362,8.0,499439
The Bourne Ultimatum,2007,Paul Greengrass,"Action, Mystery, Thriller",115,363,8.0,604694
Bin-jip,2004,Ki-duk Kim,"Crime, Drama, Romance",88,364,8.0,50610
Sin City,2005,Frank Miller,"Crime, Thriller",124,365,8.0,738512
Le scaphandre et le papillon,2007,Julian Schnabel,"Biography, Drama",112,366,8.0,103284
G.O.R.A.,2004,Ömer Faruk Sorak,"Adventure, Comedy, Sci-Fi",127,367,8.0,56960
Ratatouille,2007,Brad Bird,"Animation, Adventure, Comedy",111,368,8.0,641645
Casino Royale,2006,Martin Campbell,"Action, Adventure, Thriller",144,369,8.0,582239
Kill Bill: Vol. 2,2004,Quentin Tarantino,"Action, Crime, Thriller",137,370,8.0,683900
Vozvrashchenie,2003,Andrey Zvyagintsev,Drama,110,371,8.0,42399
Bom Yeoareum Gaeul Gyeoul Geurigo Bom,2003,Ki-duk Kim,"Drama, Romance",103,372,8.0,77520
Mar adentro,2014,Alejandro Amenábar,"Biography, Drama",126,373,8.0,77554
Cinderella Man,2005,Ron Howard,"Biography, Drama, History",144,374,8.0,176151
Kal Ho Naa Ho,2003,Nikkhil Advani,"Comedy, Drama, Musical",186,375,8.0,63460
Mou gaan dou,2002,Andrew Lau,"Action, Crime, Drama",101,376,8.0,117857
Pirates of the Caribbean: The Curse of the Black Pearl,2003,Gore Verbinski,"Action, Adventure, Fantasy",143,377,8.0,1015122
Big Fish,2003,Tim Burton,"Adventure, Drama, Fantasy",125,378,8.0,415218
The Incredibles,2004,Brad Bird,"Animation, Action, Adventure",115,379,8.0,657047
Yeopgijeogin geunyeo,2001,Jae-young Kwak,"Comedy, Drama, Romance",137,380,8.0,45403
Dogville,2003,Lars von Trier,"Crime, Drama",178,381,8.0,137963
Vizontele,2001,Yilmaz Erdogan,"Comedy, Drama",110,382,8.0,33592
Donnie Darko,2001,Richard Kelly,"Drama, Mystery, Sci-Fi",113,383,8.0,740086
Magnolia,1999,Paul Thomas Anderson,Drama,188,384,8.0,289742
Dancer in the Dark,2000,Lars von Trier,"Crime, Drama, Musical",140,385,8.0,102285
The Straight Story,1999,David Lynch,"Biography, Drama",112,386,8.0,82002
Pâfekuto burû,1997,Satoshi Kon,"Animation, Crime, Mystery",81,387,8.0,58192
Festen,1998,Thomas Vinterberg,Drama,105,388,8.0,78341
Central do Brasil,1998,Walter Salles,Drama,110,389,8.0,36419
The Iron Giant,1999,Brad Bird,"Animation, Action, Adventure",86,390,8.0,172083
Knockin' on Heaven's Door,1997,Thomas Jahn,"Action, Crime, Comedy",87,391,8.0,27721
Sling Blade,1996,Billy Bob Thornton,Drama,135,392,8.0,86838
Secrets & Lies,1996,Mike Leigh,"Comedy, Drama",136,393,8.0,37564
Twelve Monkeys,1995,Terry Gilliam,"Mystery, Sci-Fi, Thriller",129,394,8.0,578443
Kôkaku Kidôtai,1995,Mamoru Oshii,"Animation, Action, Crime",83,395,8.0,129231
The Nightmare Before Christmas,1993,Henry Selick,"Animation, Family, Fantasy",76,396,8.0,300208
Groundhog Day,1993,Harold Ramis,"Comedy, Fantasy, Romance",101,397,8.0,577991
Bound by Honor,1993,Taylor Hackford,"Crime, Drama",180,398,8.0,28825
Scent of a Woman,1992,Martin Brest,Drama,156,399,8.0,263918
Aladdin,1992,Ron Clements,"Animation, Adventure, Comedy",90,400,8.0,373845
JFK,1991,Oliver Stone,"Drama, History, Thriller",189,401,8.0,142110
Beauty and the Beast,1991,Gary Trousdale,"Animation, Family, Fantasy",84,402,8.0,417178
Dances with Wolves,1990,Kevin Costner,"Adventure, Drama, Western",181,403,8.0,240266
Do the Right Thing,1989,Spike Lee,"Comedy, Drama",120,404,8.0,89429
Rain Man,1988,Barry Levinson,Drama,133,405,8.0,473064
Akira,1988,Katsuhiro Ôtomo,"Animation, Action, Sci-Fi",124,406,8.0,164918
The Princess Bride,1987,Rob Reiner,"Adventure, Family, Fantasy",98,407,8.0,393899
Der Himmel über Berlin,1987,Wim Wenders,"Drama, Fantasy, Romance",128,408,8.0,64722
Au revoir les enfants,1987,Louis Malle,"Drama, War",104,409,8.0,31163
Tenkû no shiro Rapyuta,1986,Hayao Miyazaki,"Animation, Adventure, Drama",125,410,8.0,150140
The Terminator,1984,James Cameron,"Action, Sci-Fi",107,411,8.0,799795
Gandhi,1982,Richard Attenborough,"Biography, Drama, History",191,412,8.0,217664
Kagemusha,1980,Akira Kurosawa,"Drama, History, War",180,413,8.0,32195
Being There,1979,Hal Ashby,"Comedy, Drama",130,414,8.0,65625
Annie Hall,1977,Woody Allen,"Comedy, Romance",93,415,8.0,251823
Jaws,1975,Steven Spielberg,"Adventure, Thriller",124,416,8.0,543388
Dog Day Afternoon,1975,Sidney Lumet,"Biography, Crime, Drama",125,417,8.0,235652
Young Frankenstein,1974,Mel Brooks,Comedy,106,418,8.0,143359
Papillon,1973,Franklin J. Schaffner,"Biography, Crime, Drama",151,419,8.0,121627
The Exorcist,1973,William Friedkin,Horror,122,420,8.0,362393
Sleuth,1972,Joseph L. Mankiewicz,"Mystery, Thriller",138,421,8.0,44748
The Last Picture Show,1971,Peter Bogdanovich,"Drama, Romance",118,422,8.0,42456
Fiddler on the Roof,1971,Norman Jewison,"Drama, Family, Musical",181,423,8.0,39491
Il conformista,1970,Bernardo Bertolucci,Drama,113,424,8.0,27067
Butch Cassidy and the Sundance Kid,1969,George Roy Hill,"Biography, Crime, Drama",110,425,8.0,201888
Rosemary's Baby,1968,Roman Polanski,"Drama, Horror",137,426,8.0,193674
Planet of the Apes,1968,Franklin J. Schaffner,"Adventure, Sci-Fi",112,427,8.0,165167
The Graduate,1967,Mike Nichols,"Comedy, Drama, Romance",106,428,8.0,253676
Who's Afraid of Virginia Woolf?,1966,Mike Nichols,Drama,131,429,8.0,68926
The Sound of Music,1965,Robert Wise,"Biography, Drama, Family",172,430,8.0,205425
Doctor Zhivago,1965,David Lean,"Drama, Romance, War",197,431,8.0,69903
Per un pugno di dollari,1964,Sergio Leone,"Action, Drama, Western",99,432,8.0,198219
8½,1963,Federico Fellini,Drama,138,433,8.0,108844
Vivre sa vie: Film en douze tableaux,1962,Jean-Luc Godard,Drama,80,434,8.0,28057
The Hustler,1961,Robert Rossen,"Drama, Sport",134,435,8.0,75067
La dolce vita,1960,Federico Fellini,"Comedy, Drama",174,436,8.0,66621
Rio Bravo,1959,Howard Hawks,"Action, Drama, Western",141,437,8.0,56305
Anatomy of a Murder,1959,Otto Preminger,"Crime, Drama, Mystery",161,438,8.0,59847
Touch of Evil,1958,Orson Welles,"Crime, Drama, Film-Noir",95,439,8.0,98431
Cat on a Hot Tin Roof,1958,Richard Brooks,Drama,108,440,8.0,45062
Sweet Smell of Success,1957,Alexander Mackendrick,"Drama, Film-Noir",96,441,8.0,28137
The Killing,1956,Stanley Kubrick,"Crime, Drama, Film-Noir",84,442,8.0,81702
The Night of the Hunter,1955,Charles Laughton,"Crime, Drama, Film-Noir",92,443,8.0,81980
La Strada,1954,Federico Fellini,Drama,108,444,8.0,58314
Les diaboliques,1955,Henri-Georges Clouzot,"Crime, Drama, Horror",117,445,8.0,61503
Stalag 17,1953,Billy Wilder,"Comedy, Drama, War",120,446,8.0,51046
Roman Holiday,1953,William Wyler,"Comedy, Romance",118,447,8.0,127256
A Streetcar Named Desire,1951,Elia Kazan,Drama,122,448,8.0,99182
In a Lonely Place,1950,Nicholas Ray,"Drama, Film-Noir, Mystery",94,449,8.0,26784
Kind Hearts and Coronets,1949,Robert Hamer,"Comedy, Crime",106,450,8.0,34485
Rope,1948,Alfred Hitchcock,"Crime, Drama, Mystery",80,451,8.0,129783
Out of the Past,1947,Jacques Tourneur,"Crime, Drama, Film-Noir",97,452,8.0,32784
Brief Encounter,1945,David Lean,"Drama, Romance",86,453,8.0,35601
Laura,1944,Otto Preminger,"Drama, Film-Noir, Mystery",88,454,8.0,42725
The Best Years of Our Lives,1946,William Wyler,"Drama, Romance, War",170,455,8.0,57259
Arsenic and Old Lace,1942,Frank Capra,"Comedy, Crime, Thriller",118,456,8.0,65101
The Maltese Falcon,1941,John Huston,"Film-Noir, Mystery",100,457,8.0,148928
The Grapes of Wrath,1940,John Ford,"Drama, History",129,458,8.0,85559
The Wizard of Oz,1939,Victor Fleming,"Adventure, Family, Fantasy",102,459,8.0,371379
La règle du jeu,1939,Jean Renoir,"Comedy, Drama",110,460,8.0,26725
The Thin Man,1934,W.S. Van Dyke,"Comedy, Crime, Mystery",91,461,8.0,26642
All Quiet on the Western Front,1930,Lewis Milestone,"Drama, War",152,462,8.0,57318
Bronenosets Potemkin,1925,Sergei M. Eisenstein,"Drama, History, Thriller",75,463,8.0,53054
Knives Out,2019,Rian Johnson,"Comedy, Crime, Drama",130,464,7.9,454203
Dil Bechara,2020,Mukesh Chhabra,"Comedy, Drama, Romance",101,465,7.9,111478
Manbiki kazoku,2018,Hirokazu Koreeda,"Crime, Drama",121,466,7.9,62754
Marriage Story,2019,Noah Baumbach,"Comedy, Drama, Romance",137,467,7.9,246644
Call Me by Your Name,2017,Luca Guadagnino,"Drama, Romance",132,468,7.9,212651
"I, Daniel Blake",2016,Ken Loach,Drama,100,469,7.9,53818
Isle of Dogs,2018,Wes Anderson,"Animation, Adventure, Comedy",101,470,7.9,139114
Hunt for the Wilderpeople,2016,Taika Waititi,"Adventure, Comedy, Drama",101,471,7.9,111483
Captain Fantastic,2016,Matt Ross,"Comedy, Drama",118,472,7.9,189400
Sing Street,2016,John Carney,"Comedy, Drama, Music",106,473,7.9,85109
Thor: Ragnarok,2017,Taika Waititi,"Action, Adventure, Comedy",130,474,7.9,587775
Nightcrawler,2014,Dan Gilroy,"Crime, Drama, Thriller",117,475,7.9,466134
Jojo Rabbit,2019,Taika Waititi,"Comedy, Drama, War",108,476,7.9,297918
Arrival,2016,Denis Villeneuve,"Drama, Sci-Fi",116,477,7.9,594181
Star Wars: Episode VII - The Force Awakens,2015,J.J. Abrams,"Action, Adventure, Sci-Fi",138,478,7.9,860823
Before Midnight,2013,Richard Linklater,"Drama, Romance",109,479,7.9,141457
X-Men: Days of Future Past,2014,Bryan Singer,"Action, Adventure, Sci-Fi",132,480,7.9,659763
Bir Zamanlar Anadolu'da,2011,Nuri Bilge Ceylan,"Crime, Drama",157,481,7.9,41995
The Artist,2011,Michel Hazanavicius,"Comedy, Drama, Romance",100,482,7.9,230624
Edge of Tomorrow,2014,Doug Liman,"Action, Adventure, Sci-Fi",113,483,7.9,600004
Amour,2012,Michael Haneke,"Drama, Romance",127,484,7.9,93090
The Irishman,2019,Martin Scorsese,"Biography, Crime, Drama",209,485,7.9,324720
Un prophète,2009,Jacques Audiard,"Crime, Drama",155,486,7.9,93560
Moon,2009,Duncan Jones,"Drama, Mystery, Sci-Fi",97,487,7.9,335152
Låt den rätte komma in,2008,Tomas Alfredson,"Crime, Drama, Fantasy",114,488,7.9,205609
District 9,2009,Neill Blomkamp,"Action, Sci-Fi, Thriller",112,489,7.9,638202
The Wrestler,2008,Darren Aronofsky,"Drama, Sport",109,490,7.9,289415
Jab We Met,2007,Imtiaz Ali,"Comedy, Drama, Romance",138,491,7.9,47720
Boyhood,2014,Richard Linklater,Drama,165,492,7.9,335533
"4 luni, 3 saptamâni si 2 zile",2007,Cristian Mungiu,Drama,113,493,7.9,56625
Star Trek,2009,J.J. Abrams,"Action, Adventure, Sci-Fi",127,494,7.9,577336
In Bruges,2008,Martin McDonagh,"Comedy, Crime, Drama",107,495,7.9,390334
The Man from Earth,2007,Richard Schenkman,"Drama, Fantasy, Mystery",87,496,7.9,174125
Letters from Iwo Jima,2006,Clint Eastwood,"Action, Adventure, Drama",141,497,7.9,154011
The Fall,2006,Tarsem Singh,"Adventure, Drama, Fantasy",117,498,7.9,107290
Life of Pi,2012,Ang Lee,"Adventure, Drama, Fantasy",127,499,7.9,580708
Fantastic Mr. Fox,2009,Wes Anderson,"Animation, Adventure, Comedy",87,500,7.9,199696
C.R.A.Z.Y.,2005,Jean-Marc Vallée,"Comedy, Drama",129,501,7.9,31476
Les choristes,2004,Christophe Barratier,"Drama, Music",97,502,7.9,57430
Iron Man,2008,Jon Favreau,"Action, Adventure, Sci-Fi",126,503,7.9,939644
Shaun of the Dead,2004,Edgar Wright,"Comedy, Horror",99,504,7.9,512249
Gegen die Wand,2004,Fatih Akin,"Drama, Romance",121,505,7.9,51325
Mystic River,2003,Clint Eastwood,"Crime, Drama, Mystery",138,506,7.9,419420
Harry Potter and the Prisoner of Azkaban,2004,Alfonso Cuarón,"Adventure, Family, Fantasy",142,507,7.9,552493
Ying xiong,2002,Yimou Zhang,"Action, Adventure, History",120,508,7.9,173999
Hable con ella,2002,Pedro Almodóvar,"Drama, Mystery, Romance",112,509,7.9,104691
No Man's Land,2001,Danis Tanovic,"Comedy, Drama, War",98,510,7.9,44618
Cowboy Bebop: Tengoku no tobira,2001,Shin'ichirô Watanabe,"Animation, Action, Crime",115,511,7.9,42897
The Bourne Identity,2002,Doug Liman,"Action, Mystery, Thriller",119,512,7.9,508771
Nueve reinas,2000,Fabián Bielinsky,"Crime, Drama, Thriller",114,513,7.9,49721
Children of Men,2006,Alfonso Cuarón,"Adventure, Drama, Sci-Fi",109,514,7.9,465113
Almost Famous,2000,Cameron Crowe,"Adventure, Comedy, Drama",122,515,7.9,252586
Mulholland Dr.,2001,David Lynch,"Drama, Mystery, Thriller",147,516,7.9,322031
Toy Story 2,1999,John Lasseter,"Animation, Adventure, Comedy",92,517,7.9,527512
Boogie Nights,1997,Paul Thomas Anderson,Drama,155,518,7.9,239473
Mimi wo sumaseba,1995,Yoshifumi Kondô,"Animation, Drama, Family",111,519,7.9,51943
Once Were Warriors,1994,Lee Tamahori,"Crime, Drama",102,520,7.9,31590
True Romance,1993,Tony Scott,"Crime, Drama, Romance",119,521,7.9,206918
Trois couleurs: Bleu,1993,Krzysztof Kieslowski,"Drama, Music, Mystery",94,522,7.9,89836
Jûbê ninpûchô,1993,Yoshiaki Kawajiri,"Animation, Action, Adventure",94,523,7.9,34529
Carlito's Way,1993,Brian De Palma,"Crime, Drama, Thriller",144,524,7.9,201000
Edward Scissorhands,1990,Tim Burton,"Drama, Fantasy, Romance",105,525,7.9,447368
My Left Foot: The Story of Christy Brown,1989,Jim Sheridan,"Biography, Drama",103,526,7.9,68076
Crimes and Misdemeanors,1989,Woody Allen,"Comedy, Drama",104,527,7.9,54670
The Untouchables,1987,Brian De Palma,"Crime, Drama, Thriller",119,528,7.9,281842
Hannah and Her Sisters,1986,Woody Allen,"Comedy, Drama",107,529,7.9,67176
Brazil,1985,Terry Gilliam,"Drama, Sci-Fi",132,530,7.9,187567
This Is Spinal Tap,1984,Rob Reiner,"Comedy, Music",82,531,7.9,128812
A Christmas Story,1983,Bob Clark,"Comedy, Family",93,532,7.9,132947
The Blues Brothers,1980,John Landis,"Action, Adventure, Comedy",133,533,7.9,183182
Manhattan,1979,Woody Allen,"Comedy, Drama, Romance",96,534,7.9,131436
All That Jazz,1979,Bob Fosse,"Drama, Music, Musical",123,535,7.9,28223
Dawn of the Dead,1978,George A. Romero,"Action, Adventure, Horror",127,536,7.9,111512
All the President's Men,1976,Alan J. Pakula,"Biography, Drama, History",138,537,7.9,103031
La montaña sagrada,1973,Alejandro Jodorowsky,"Adventure, Drama, Fantasy",114,538,7.9,37183
Amarcord,1973,Federico Fellini,"Comedy, Drama, Family",123,539,7.9,39897
Le charme discret de la bourgeoisie,1972,Luis Buñuel,Comedy,102,540,7.9,38737
"Aguirre, der Zorn Gottes",1972,Werner Herzog,"Action, Adventure, Biography",95,541,7.9,52397
Harold and Maude,1971,Hal Ashby,"Comedy, Drama, Romance",91,542,7.9,70826
Patton,1970,Franklin J. Schaffner,"Biography, Drama, War",172,543,7.9,93741
The Wild Bunch,1969,Sam Peckinpah,"Action, Adventure, Western",145,544,7.9,77401
Night of the Living Dead,1968,George A. Romero,"Horror, Thriller",96,545,7.9,116557
The Lion in Winter,1968,Anthony Harvey,"Biography, Drama, History",134,546,7.9,29003
In the Heat of the Night,1967,Norman Jewison,"Crime, Drama, Mystery",110,547,7.9,67804
Charade,1963,Stanley Donen,"Comedy, Mystery, Romance",113,548,7.9,68689
The Manchurian Candidate,1962,John Frankenheimer,"Drama, Thriller",126,549,7.9,71122
Spartacus,1960,Stanley Kubrick,"Adventure, Biography, Drama",197,550,7.9,124339
L'avventura,1960,Michelangelo Antonioni,"Drama, Mystery",144,551,7.9,26542
Hiroshima mon amour,1959,Alain Resnais,"Drama, Romance",90,552,7.9,28421
The Ten Commandments,1956,Cecil B. DeMille,"Adventure, Drama",220,553,7.9,63560
The Searchers,1956,John Ford,"Adventure, Drama, Western",119,554,7.9,80316
East of Eden,1955,Elia Kazan,Drama,118,555,7.9,40313
High Noon,1952,Fred Zinnemann,"Drama, Thriller, Western",85,556,7.9,97222
Strangers on a Train,1951,Alfred Hitchcock,"Crime, Film-Noir, Thriller",101,557,7.9,123341
Harvey,1950,Henry Koster,"Comedy, Drama, Fantasy",104,558,7.9,52573
Miracle on 34th Street,1947,George Seaton,"Comedy, Drama, Family",96,559,7.9,41625
Notorious,1946,Alfred Hitchcock,"Drama, Film-Noir, Romance",102,560,7.9,92306
The Big Sleep,1946,Howard Hawks,"Crime, Film-Noir, Mystery",114,561,7.9,78796
The Lost Weekend,1945,Billy Wilder,"Drama, Film-Noir",101,562,7.9,33549
The Philadelphia Story,1940,George Cukor,"Comedy, Romance",112,563,7.9,63550
His Girl Friday,1940,Howard Hawks,"Comedy, Drama, Romance",92,564,7.9,53667
The Adventures of Robin Hood,1938,Michael Curtiz,"Action, Adventure, Romance",102,565,7.9,47175
A Night at the Opera,1935,Sam Wood,"Comedy, Music, Musical",96,566,7.9,30580
King Kong,1933,Merian C. Cooper,"Adventure, Horror, Sci-Fi",100,567,7.9,78991
Freaks,1932,Tod Browning,"Drama, Horror",64,568,7.9,42117
Nosferatu,1922,F.W. Murnau,"Fantasy, Horror",94,569,7.9,88794
The Gentlemen,2019,Guy Ritchie,"Action, Comedy, Crime",113,570,7.8,237392
Raazi,2018,Meghna Gulzar,"Action, Drama, Thriller",138,571,7.8,25344
Sound of Metal,2019,Darius Marder,"Drama, Music",120,572,7.8,27187
Forushande,2016,Asghar Farhadi,Drama,124,573,7.8,51240
Dunkirk,2017,Christopher Nolan,"Action, Drama, History",106,574,7.8,555092
Perfetti sconosciuti,2016,Paolo Genovese,"Comedy, Drama",96,575,7.8,57168
Hidden Figures,2016,Theodore Melfi,"Biography, Drama, History",127,576,7.8,200876
Paddington 2,2017,Paul King,"Adventure, Comedy, Family",103,577,7.8,61594
Udta Punjab,2016,Abhishek Chaubey,"Action, Crime, Drama",148,578,7.8,27175
Kubo and the Two Strings,2016,Travis Knight,"Animation, Action, Adventure",101,579,7.8,118035
M.S. Dhoni: The Untold Story,2016,Neeraj Pandey,"Biography, Drama, Sport",184,580,7.8,40416
Manchester by the Sea,2016,Kenneth Lonergan,Drama,137,581,7.8,246963
Under sandet,2015,Martin Zandvliet,"Drama, History, War",100,582,7.8,35539
Rogue One,2016,Gareth Edwards,"Action, Adventure, Sci-Fi",133,583,7.8,556608
Captain America: Civil War,2016,Anthony Russo,"Action, Adventure, Sci-Fi",147,584,7.8,663649
The Hateful Eight,2015,Quentin Tarantino,"Crime, Drama, Mystery",168,585,7.8,517059
Little Women,2019,Greta Gerwig,"Drama, Romance",135,586,7.8,143250
Loving Vincent,2017,Dorota Kobiela,"Animation, Biography, Crime",94,587,7.8,50778
Pride,2014,Matthew Warchus,"Biography, Comedy, Drama",119,588,7.8,51841
Le passé,2013,Asghar Farhadi,"Drama, Mystery",130,589,7.8,45002
La grande bellezza,2013,Paolo Sorrentino,Drama,141,590,7.8,81125
The Lunchbox,2013,Ritesh Batra,"Drama, Romance",104,591,7.8,50523
Vicky Donor,2012,Shoojit Sircar,"Comedy, Romance",126,592,7.8,39710
Big Hero 6,2014,Don Hall,"Animation, Action, Adventure",102,593,7.8,410983
About Time,2013,Richard Curtis,"Comedy, Drama, Fantasy",123,594,7.8,303032
English Vinglish,2012,Gauri Shinde,"Comedy, Drama, Family",134,595,7.8,33618
Kaze tachinu,2013,Hayao Miyazaki,"Animation, Biography, Drama",126,596,7.8,73690
Toy Story 4,2019,Josh Cooley,"Animation, Adventure, Comedy",100,597,7.8,203177
La migliore offerta,2013,Giuseppe Tornatore,"Crime, Drama, Mystery",131,598,7.8,108399
Moonrise Kingdom,2012,Wes Anderson,"Comedy, Drama, Romance",94,599,7.8,318789
How to Train Your Dragon 2,2014,Dean DeBlois,"Animation, Action, Adventure",102,600,7.8,305611
The Big Short,2015,Adam McKay,"Biography, Comedy, Drama",130,601,7.8,362942
Kokuhaku,2010,Tetsuya Nakashima,"Drama, Thriller",106,602,7.8,35713
Ang-ma-reul bo-at-da,2010,Jee-woon Kim,"Action, Crime, Drama",144,603,7.8,111252
The Girl with the Dragon Tattoo,2011,David Fincher,"Crime, Drama, Mystery",158,604,7.8,423010
Captain Phillips,2013,Paul Greengrass,"Adventure, Biography, Crime",134,605,7.8,421244
Ajeossi,2010,Jeong-beom Lee,"Action, Crime, Drama",119,606,7.8,62848
Straight Outta Compton,2015,F. Gary Gray,"Biography, Drama, History",147,607,7.8,179264
Madeo,2009,Bong Joon Ho,"Crime, Drama, Mystery",129,608,7.8,52758
Chugyeokja,2008,Hong-jin Na,"Action, Crime, Thriller",125,609,7.8,58468
The Hobbit: The Desolation of Smaug,2013,Peter Jackson,"Adventure, Fantasy",161,610,7.8,601408
Das weiße Band - Eine deutsche Kindergeschichte,2009,Michael Haneke,"Drama, History, Mystery",144,611,7.8,68715
Män som hatar kvinnor,2009,Niels Arden Oplev,"Crime, Drama, Mystery",152,612,7.8,208994
The Trial of the Chicago 7,2020,Aaron Sorkin,"Drama, History, Thriller",129,613,7.8,89896
Druk,2020,Thomas Vinterberg,"Comedy, Drama",117,614,7.8,33931
The Fighter,2010,David O. Russell,"Biography, Drama, Sport",116,615,7.8,340584
Taken,2008,Pierre Morel,"Action, Thriller",90,616,7.8,564791
The Boy in the Striped Pyjamas,2008,Mark Herman,"Drama, History, War",94,617,7.8,190748
Once,2007,John Carney,"Drama, Music, Romance",86,618,7.8,110656
The Hobbit: An Unexpected Journey,2012,Peter Jackson,"Adventure, Fantasy",169,619,7.8,757377
Auf der anderen Seite,2007,Fatih Akin,Drama,122,620,7.8,30827
Atonement,2007,Joe Wright,"Drama, Mystery, Romance",123,621,7.8,251370
Drive,2011,Nicolas Winding Refn,"Crime, Drama",100,622,7.8,571571
American Gangster,2007,Ridley Scott,"Biography, Crime, Drama",157,623,7.8,392449
Avatar,2009,James Cameron,"Action, Adventure, Fantasy",162,624,7.8,1118998
Mr. Nobody,2009,Jaco Van Dormael,"Drama, Fantasy, Romance",141,625,7.8,216421
Apocalypto,2006,Mel Gibson,"Action, Adventure, Drama",139,626,7.8,291018
Little Miss Sunshine,2006,Jonathan Dayton,"Comedy, Drama",101,627,7.8,439856
Hot Fuzz,2007,Edgar Wright,"Action, Comedy, Mystery",121,628,7.8,463466
The Curious Case of Benjamin Button,2008,David Fincher,"Drama, Fantasy, Romance",166,629,7.8,589160
Veer-Zaara,2004,Yash Chopra,"Drama, Family, Musical",192,630,7.8,49050
Adams æbler,2005,Anders Thomas Jensen,"Comedy, Crime, Drama",94,631,7.8,45717
Pride & Prejudice,2005,Joe Wright,"Drama, Romance",129,632,7.8,258924
The World's Fastest Indian,2005,Roger Donaldson,"Biography, Drama, Sport",127,633,7.8,51980
Tôkyô goddofâzâzu,2003,Satoshi Kon,"Animation, Adventure, Comedy",90,634,7.8,31658
Serenity,2005,Joss Whedon,"Action, Adventure, Sci-Fi",119,635,7.8,283310
Walk the Line,2005,James Mangold,"Biography, Drama, Music",136,636,7.8,234207
Ondskan,2003,Mikael Håfström,Drama,113,637,7.8,35682
The Notebook,2004,Nick Cassavetes,"Drama, Romance",123,638,7.8,520284
Diarios de motocicleta,2004,Walter Salles,"Adventure, Biography, Drama",126,639,7.8,96703
Lilja 4-ever,2002,Lukas Moodysson,"Crime, Drama",109,640,7.8,42673
Les triplettes de Belleville,2003,Sylvain Chomet,"Animation, Comedy, Drama",80,641,7.8,50622
Gongdong gyeongbi guyeok JSA,2000,Chan-wook Park,"Action, Drama, Thriller",110,642,7.8,26518
The Count of Monte Cristo,2002,Kevin Reynolds,"Action, Adventure, Drama",131,643,7.8,129022
Waking Life,2001,Richard Linklater,"Animation, Drama, Fantasy",99,644,7.8,60684
Remember the Titans,2000,Boaz Yakin,"Biography, Drama, Sport",113,645,7.8,198089
Wo hu cang long,2000,Ang Lee,"Action, Adventure, Fantasy",120,646,7.8,253228
Todo sobre mi madre,1999,Pedro Almodóvar,Drama,101,647,7.8,89058
Cast Away,2000,Robert Zemeckis,"Adventure, Drama, Romance",143,648,7.8,524235
The Boondock Saints,1999,Troy Duffy,"Action, Crime, Thriller",108,649,7.8,227143
The Insider,1999,Michael Mann,"Biography, Drama, Thriller",157,650,7.8,159886
October Sky,1999,Joe Johnston,"Biography, Drama, Family",108,651,7.8,82855
Shrek,2001,Andrew Adamson,"Animation, Adventure, Comedy",90,652,7.8,613941
Titanic,1997,James Cameron,"Drama, Romance",194,653,7.8,1046089
Hana-bi,1997,Takeshi Kitano,"Crime, Drama, Romance",103,654,7.8,27712
Gattaca,1997,Andrew Niccol,"Drama, Sci-Fi, Thriller",106,655,7.8,280845
The Game,1997,David Fincher,"Action, Drama, Mystery",129,656,7.8,345096
Breaking the Waves,1996,Lars von Trier,Drama,159,657,7.8,62428
Ed Wood,1994,Tim Burton,"Biography, Comedy, Drama",127,658,7.8,164937
What's Eating Gilbert Grape,1993,Lasse Hallström,Drama,118,659,7.8,215034
Tombstone,1993,George P. Cosmatos,"Action, Biography, Drama",130,660,7.8,126871
The Sandlot,1993,David Mickey Evans,"Comedy, Drama, Family",101,661,7.8,78963
The Remains of the Day,1993,James Ivory,"Drama, Romance",134,662,7.8,66065
Naked,1993,Mike Leigh,"Comedy, Drama",132,663,7.8,34635
The Fugitive,1993,Andrew Davis,"Action, Crime, Drama",130,664,7.8,267684
A Bronx Tale,1993,Robert De Niro,"Crime, Drama, Romance",121,665,7.8,128171
Batman: Mask of the Phantasm,1993,Kevin Altieri,"Animation, Action, Crime",76,666,7.8,43690
Lat sau san taam,1992,John Woo,"Action, Crime, Thriller",128,667,7.8,46700
Night on Earth,1991,Jim Jarmusch,"Comedy, Drama",129,668,7.8,55362
La double vie de Véronique,1991,Krzysztof Kieslowski,"Drama, Fantasy, Music",98,669,7.8,42376
Boyz n the Hood,1991,John Singleton,"Crime, Drama",112,670,7.8,126082
Misery,1990,Rob Reiner,"Drama, Thriller",107,671,7.8,184740
Awakenings,1990,Penny Marshall,"Biography, Drama",121,672,7.8,125276
Majo no takkyûbin,1989,Hayao Miyazaki,"Animation, Adventure, Drama",103,673,7.8,124193
Glory,1989,Edward Zwick,"Biography, Drama, History",122,674,7.8,122779
Dip huet seung hung,1989,John Woo,"Action, Crime, Drama",111,675,7.8,45624
Back to the Future Part II,1989,Robert Zemeckis,"Adventure, Comedy, Sci-Fi",108,676,7.8,481918
Mississippi Burning,1988,Alan Parker,"Crime, Drama, History",128,677,7.8,88214
Predator,1987,John McTiernan,"Action, Adventure, Sci-Fi",107,678,7.8,371387
Evil Dead II,1987,Sam Raimi,"Action, Comedy, Fantasy",84,679,7.8,148359
Ferris Bueller's Day Off,1986,John Hughes,Comedy,103,680,7.8,321382
Down by Law,1986,Jim Jarmusch,"Comedy, Crime, Drama",107,681,7.8,47834
The Goonies,1985,Richard Donner,"Adventure, Comedy, Family",114,682,7.8,244430
The Color Purple,1985,Steven Spielberg,Drama,154,683,7.8,78321
The Breakfast Club,1985,John Hughes,"Comedy, Drama",97,684,7.8,357026
The Killing Fields,1984,Roland Joffé,"Biography, Drama, History",141,685,7.8,51585
Ghostbusters,1984,Ivan Reitman,"Action, Comedy, Fantasy",105,686,7.8,355413
The Right Stuff,1983,Philip Kaufman,"Adventure, Biography, Drama",193,687,7.8,56235
The King of Comedy,1982,Martin Scorsese,"Comedy, Crime, Drama",109,688,7.8,88511
E.T. the Extra-Terrestrial,1982,Steven Spielberg,"Family, Sci-Fi",115,689,7.8,372490
Kramer vs. Kramer,1979,Robert Benton,Drama,105,690,7.8,133351
Days of Heaven,1978,Terrence Malick,"Drama, Romance",94,691,7.8,52852
The Outlaw Josey Wales,1976,Clint Eastwood,Western,135,692,7.8,65659
The Man Who Would Be King,1975,John Huston,"Adventure, History, War",129,693,7.8,44917
The Conversation,1974,Francis Ford Coppola,"Drama, Mystery, Thriller",113,694,7.8,98611
La planète sauvage,1973,René Laloux,"Animation, Sci-Fi",72,695,7.8,25229
The Day of the Jackal,1973,Fred Zinnemann,"Crime, Drama, Thriller",143,696,7.8,37445
Badlands,1973,Terrence Malick,"Action, Crime, Drama",94,697,7.8,66009
Cabaret,1972,Bob Fosse,"Drama, Music, Musical",124,698,7.8,48334
Willy Wonka & the Chocolate Factory,1971,Mel Stuart,"Family, Fantasy, Musical",100,699,7.8,178731
Midnight Cowboy,1969,John Schlesinger,Drama,113,700,7.8,101124
Wait Until Dark,1967,Terence Young,Thriller,108,701,7.8,27733
Guess Who's Coming to Dinner,1967,Stanley Kramer,"Comedy, Drama",108,702,7.8,39642
Bonnie and Clyde,1967,Arthur Penn,"Action, Biography, Crime",111,703,7.8,102415
My Fair Lady,1964,George Cukor,"Drama, Family, Musical",170,704,7.8,86525
Mary Poppins,1964,Robert Stevenson,"Comedy, Family, Fantasy",139,705,7.8,158029
The Longest Day,1962,Ken Annakin,"Action, Drama, History",178,706,7.8,52141
Jules et Jim,1962,François Truffaut,"Drama, Romance",105,707,7.8,37605
The Innocents,1961,Jack Clayton,Horror,100,708,7.8,27007
À bout de souffle,1960,Jean-Luc Godard,"Crime, Drama",90,709,7.8,73251
Red River,1948,Howard Hawks,"Action, Adventure, Drama",133,710,7.8,28167
Key Largo,1948,John Huston,"Action, Crime, Drama",100,711,7.8,36995
To Have and Have Not,1944,Howard Hawks,"Adventure, Comedy, Film-Noir",100,712,7.8,31053
Shadow of a Doubt,1943,Alfred Hitchcock,"Film-Noir, Thriller",108,713,7.8,59556
Stagecoach,1939,John Ford,"Adventure, Drama, Western",96,714,7.8,43621
The Lady Vanishes,1938,Alfred Hitchcock,"Mystery, Thriller",96,715,7.8,47400
Bringing Up Baby,1938,Howard Hawks,"Comedy, Family, Romance",102,716,7.8,55163
Bride of Frankenstein,1935,James Whale,"Drama, Horror, Sci-Fi",75,717,7.8,43542
Duck Soup,1933,Leo McCarey,"Comedy, Musical, War",69,718,7.8,55581
Scarface: The Shame of the Nation,1932,Howard Hawks,"Action, Crime, Drama",93,719,7.8,25312
Frankenstein,1931,James Whale,"Drama, Horror, Sci-Fi",70,720,7.8,65341
Roma,2018,Alfonso Cuarón,Drama,135,721,7.7,140375
God's Own Country,2017,Francis Lee,"Drama, Romance",104,722,7.7,25198
Deadpool 2,2018,David Leitch,"Action, Adventure, Comedy",119,723,7.7,478586
Wind River,2017,Taylor Sheridan,"Crime, Drama, Mystery",107,724,7.7,205444
Get Out,2017,Jordan Peele,"Horror, Mystery, Thriller",104,725,7.7,492851
Mission: Impossible - Fallout,2018,Christopher McQuarrie,"Action, Adventure, Thriller",147,726,7.7,291257
En man som heter Ove,2015,Hannes Holm,"Comedy, Drama, Romance",116,727,7.7,47444
What We Do in the Shadows,2014,Jemaine Clement,"Comedy, Horror",86,728,7.7,157498
Omoide no Mânî,2014,James Simone,"Animation, Drama, Family",103,729,7.7,32798
The Theory of Everything,2014,James Marsh,"Biography, Drama, Romance",123,730,7.7,404182
Kingsman: The Secret Service,2014,Matthew Vaughn,"Action, Adventure, Comedy",129,731,7.7,590440
The Fault in Our Stars,2014,Josh Boone,"Drama, Romance",126,732,7.7,344312
Me and Earl and the Dying Girl,2015,Alfonso Gomez-Rejon,"Comedy, Drama",105,733,7.7,123210
Birdman or (The Unexpected Virtue of Ignorance),2014,Alejandro G. Iñárritu,"Comedy, Drama",119,734,7.7,580291
La vie d'Adèle,2013,Abdellatif Kechiche,"Drama, Romance",180,735,7.7,138741
Kai po che!,2013,Abhishek Kapoor,"Drama, Sport",130,736,7.7,32628
The Broken Circle Breakdown,2012,Felix van Groeningen,"Drama, Music, Romance",111,737,7.7,39379
Captain America: The Winter Soldier,2014,Anthony Russo,"Action, Adventure, Sci-Fi",136,738,7.7,736182
Rockstar,2011,Imtiaz Ali,"Drama, Music, Musical",159,739,7.7,39501
Nebraska,2013,Alexander Payne,"Adventure, Comedy, Drama",115,740,7.7,112298
Wreck-It Ralph,2012,Rich Moore,"Animation, Adventure, Comedy",101,741,7.7,380195
Le Petit Prince,2015,Mark Osborne,"Animation, Adventure, Drama",108,742,7.7,56720
Detachment,2011,Tony Kaye,Drama,98,743,7.7,77071
Midnight in Paris,2011,Woody Allen,"Comedy, Fantasy, Romance",96,744,7.7,388089
The Lego Movie,2014,Christopher Miller,"Animation, Action, Adventure",100,745,7.7,323982
Gravity,2013,Alfonso Cuarón,"Drama, Sci-Fi, Thriller",91,746,7.7,769145
Star Trek Into Darkness,2013,J.J. Abrams,"Action, Adventure, Sci-Fi",132,747,7.7,463188
Beasts of No Nation,2015,Cary Joji Fukunaga,"Drama, War",137,748,7.7,73964
The Social Network,2010,David Fincher,"Biography, Drama",120,749,7.7,624982
X: First Class,2011,Matthew Vaughn,"Action, Adventure, Sci-Fi",131,750,7.7,645512
The Hangover,2009,Todd Phillips,Comedy,100,751,7.7,717559
Skyfall,2012,Sam Mendes,"Action, Adventure, Thriller",143,752,7.7,630614
Silver Linings Playbook,2012,David O. Russell,"Comedy, Drama, Romance",122,753,7.7,661871
Argo,2012,Ben Affleck,"Biography, Drama, Thriller",120,754,7.7,572581
(500) Days of Summer,2009,Marc Webb,"Comedy, Drama, Romance",95,755,7.7,472242
Harry Potter and the Deathly Hallows: Part 1,2010,David Yates,"Adventure, Family, Fantasy",146,756,7.7,479120
Gake no ue no Ponyo,2008,Hayao Miyazaki,"Animation, Adventure, Comedy",101,757,7.7,125317
Frost/Nixon,2008,Ron Howard,"Biography, Drama, History",122,758,7.7,103330
Papurika,2006,Satoshi Kon,"Animation, Drama, Fantasy",90,759,7.7,71379
Changeling,2008,Clint Eastwood,"Biography, Crime, Drama",141,760,7.7,239203
Flipped,2010,Rob Reiner,"Comedy, Drama, Romance",90,761,7.7,81446
Toki o kakeru shôjo,2006,Mamoru Hosoda,"Animation, Adventure, Comedy",98,762,7.7,60368
Death Note: Desu nôto,2006,Shûsuke Kaneko,"Crime, Drama, Fantasy",126,763,7.7,28630
This Is England,2006,Shane Meadows,"Crime, Drama",101,764,7.7,115576
Ex Machina,2014,Alex Garland,"Drama, Sci-Fi, Thriller",108,765,7.7,474141
Efter brylluppet,2006,Susanne Bier,Drama,120,766,7.7,32001
The Last King of Scotland,2006,Kevin Macdonald,"Biography, Drama, History",123,767,7.7,175355
Zodiac,2007,David Fincher,"Crime, Drama, Mystery",157,768,7.7,466080
Lucky Number Slevin,2006,Paul McGuigan,"Action, Crime, Drama",110,769,7.7,299524
Joyeux Noël,2005,Christian Carion,"Drama, History, Music",116,770,7.7,28003
Control,2007,Anton Corbijn,"Biography, Drama, Music",122,771,7.7,61609
Tangled,2010,Nathan Greno,"Animation, Adventure, Comedy",100,772,7.7,405922
Zwartboek,2006,Paul Verhoeven,"Drama, Thriller, War",145,773,7.7,72643
Brokeback Mountain,2005,Ang Lee,"Drama, Romance",134,774,7.7,323103
3:10 to Yuma,2007,James Mangold,"Action, Crime, Drama",122,775,7.7,288797
Crash,2004,Paul Haggis,"Crime, Drama, Thriller",112,776,7.7,419483
Kung fu,2004,Stephen Chow,"Action, Comedy, Fantasy",99,777,7.7,127250
The Bourne Supremacy,2004,Paul Greengrass,"Action, Mystery, Thriller",108,778,7.7,434841
The Machinist,2004,Brad Anderson,"Drama, Thriller",101,779,7.7,358432
Ray,2004,Taylor Hackford,"Biography, Drama, Music",152,780,7.7,138356
Lost in Translation,2003,Sofia Coppola,"Comedy, Drama",102,781,7.7,415074
Harry Potter and the Goblet of Fire,2005,Mike Newell,"Adventure, Family, Fantasy",157,782,7.7,548619
Man on Fire,2004,Tony Scott,"Action, Crime, Drama",146,783,7.7,329592
Coraline,2009,Henry Selick,"Animation, Drama, Family",100,784,7.7,197761
The Last Samurai,2003,Edward Zwick,"Action, Drama",154,785,7.7,400049
The Magdalene Sisters,2002,Peter Mullan,Drama,114,786,7.7,25938
Good Bye Lenin!,2003,Wolfgang Becker,"Comedy, Drama, Romance",121,787,7.7,137981
In America,2002,Jim Sheridan,Drama,105,788,7.7,40403
I Am Sam,2001,Jessie Nelson,Drama,132,789,7.7,142863
Adaptation.,2002,Spike Jonze,"Comedy, Drama",115,790,7.7,178565
Black Hawk Down,2001,Ridley Scott,"Drama, History, War",144,791,7.7,364254
Road to Perdition,2002,Sam Mendes,"Crime, Drama, Thriller",117,792,7.7,246840
Das Experiment,2001,Oliver Hirschbiegel,"Drama, Thriller",120,793,7.7,90842
Billy Elliot,2000,Stephen Daldry,"Drama, Music",110,794,7.7,126770
Hedwig and the Angry Inch,2001,John Cameron Mitchell,"Comedy, Drama, Music",95,795,7.7,31957
Ocean's Eleven,2001,Steven Soderbergh,"Crime, Thriller",116,796,7.7,516372
Vampire Hunter D: Bloodlust,2000,Yoshiaki Kawajiri,"Animation, Action, Fantasy",103,797,7.7,29210
"O Brother, Where Art Thou?",2000,Joel Coen,"Adventure, Comedy, Crime",107,798,7.7,286742
Interstate 60: Episodes of the Road,2002,Bob Gale,"Adventure, Comedy, Drama",116,799,7.7,29999
"South Park: Bigger, Longer & Uncut",1999,Trey Parker,"Animation, Comedy, Fantasy",81,800,7.7,192112
Office Space,1999,Mike Judge,Comedy,89,801,7.7,241575
Happiness,1998,Todd Solondz,"Comedy, Drama",134,802,7.7,66408
Training Day,2001,Antoine Fuqua,"Crime, Drama, Thriller",122,803,7.7,390247
Rushmore,1998,Wes Anderson,"Comedy, Drama, Romance",93,804,7.7,169229
Abre los ojos,1997,Alejandro Amenábar,"Drama, Mystery, Sci-Fi",119,805,7.7,64082
Being John Malkovich,1999,Spike Jonze,"Comedy, Drama, Fantasy",113,806,7.7,312542
As Good as It Gets,1997,James L. Brooks,"Comedy, Drama, Romance",139,807,7.7,275755
The Fifth Element,1997,Luc Besson,"Action, Adventure, Sci-Fi",126,808,7.7,434125
Le dîner de cons,1998,Francis Veber,Comedy,80,809,7.7,37424
Donnie Brasco,1997,Mike Newell,"Biography, Crime, Drama",127,810,7.7,279318
Shine,1996,Scott Hicks,"Biography, Drama, Music",105,811,7.7,51350
Primal Fear,1996,Gregory Hoblit,"Crime, Drama, Mystery",129,812,7.7,189716
Hamlet,1996,Kenneth Branagh,Drama,242,813,7.7,35991
A Little Princess,1995,Alfonso Cuarón,"Drama, Family, Fantasy",97,814,7.7,32236
Do lok tin si,1995,Kar-Wai Wong,"Comedy, Crime, Drama",99,815,7.7,26429
Il postino,1994,Michael Radford,"Biography, Comedy, Drama",108,816,7.7,33600
Clerks,1994,Kevin Smith,Comedy,92,817,7.7,211450
Short Cuts,1993,Robert Altman,"Comedy, Drama",188,818,7.7,42275
Philadelphia,1993,Jonathan Demme,Drama,125,819,7.7,224169
The Muppet Christmas Carol,1992,Brian Henson,"Comedy, Drama, Family",85,820,7.7,50298
Malcolm X,1992,Spike Lee,"Biography, Drama, History",202,821,7.7,85819
The Last of the Mohicans,1992,Michael Mann,"Action, Adventure, Drama",112,822,7.7,150409
Kurenai no buta,1992,Hayao Miyazaki,"Animation, Adventure, Comedy",94,823,7.7,77798
Glengarry Glen Ross,1992,James Foley,"Crime, Drama, Mystery",100,824,7.7,95826
A Few Good Men,1992,Rob Reiner,"Drama, Thriller",138,825,7.7,235388
Fried Green Tomatoes,1991,Jon Avnet,Drama,130,826,7.7,66941
Barton Fink,1991,Joel Coen,"Comedy, Drama, Thriller",116,827,7.7,113240
Miller's Crossing,1990,Joel Coen,"Crime, Drama, Thriller",115,828,7.7,125822
Who Framed Roger Rabbit,1988,Robert Zemeckis,"Animation, Adventure, Comedy",104,829,7.7,182009
Spoorloos,1988,George Sluizer,"Mystery, Thriller",107,830,7.7,33982
Withnail & I,1987,Bruce Robinson,"Comedy, Drama",107,831,7.7,40396
The Last Emperor,1987,Bernardo Bertolucci,"Biography, Drama, History",163,832,7.7,94326
Empire of the Sun,1987,Steven Spielberg,"Action, Drama, History",153,833,7.7,115677
Der Name der Rose,1986,Jean-Jacques Annaud,"Crime, Drama, Mystery",130,834,7.7,102031
Blue Velvet,1986,David Lynch,"Drama, Mystery, Thriller",120,835,7.7,181285
The Purple Rose of Cairo,1985,Woody Allen,"Comedy, Fantasy, Romance",82,836,7.7,47102
After Hours,1985,Martin Scorsese,"Comedy, Crime, Drama",97,837,7.7,59635
Zelig,1983,Woody Allen,Comedy,79,838,7.7,39881
The Verdict,1982,Sidney Lumet,Drama,129,839,7.7,36096
Star Trek II: The Wrath of Khan,1982,Nicholas Meyer,"Action, Adventure, Sci-Fi",113,840,7.7,112704
First Blood,1982,Ted Kotcheff,"Action, Adventure",93,841,7.7,226541
Ordinary People,1980,Robert Redford,Drama,124,842,7.7,47099
Airplane!,1980,Jim Abrahams,Comedy,88,843,7.7,214882
Rupan sansei: Kariosutoro no shiro,1979,Hayao Miyazaki,"Animation, Adventure, Family",100,844,7.7,27014
Halloween,1978,John Carpenter,"Horror, Thriller",91,845,7.7,233106
Le locataire,1976,Roman Polanski,"Drama, Thriller",126,846,7.7,39889
Love and Death,1975,Woody Allen,"Comedy, War",85,847,7.7,36037
The Taking of Pelham One Two Three,1974,Joseph Sargent,"Action, Crime, Thriller",104,848,7.7,26729
Blazing Saddles,1974,Mel Brooks,"Comedy, Western",93,849,7.7,125993
Serpico,1973,Sidney Lumet,"Biography, Crime, Drama",130,850,7.7,109941
Enter the Dragon,1973,Robert Clouse,"Action, Crime, Drama",102,851,7.7,96561
Deliverance,1972,John Boorman,"Adventure, Drama, Thriller",109,852,7.7,98740
The French Connection,1971,William Friedkin,"Action, Crime, Drama",104,853,7.7,110075
Dirty Harry,1971,Don Siegel,"Action, Crime, Thriller",102,854,7.7,143292
Where Eagles Dare,1968,Brian G. Hutton,"Action, Adventure, War",158,855,7.7,51913
The Odd Couple,1968,Gene Saks,Comedy,105,856,7.7,31572
The Dirty Dozen,1967,Robert Aldrich,"Action, Adventure, War",150,857,7.7,67183
Belle de jour,1967,Luis Buñuel,"Drama, Romance",100,858,7.7,40274
A Man for All Seasons,1966,Fred Zinnemann,"Biography, Drama, History",120,859,7.7,31222
Repulsion,1965,Roman Polanski,"Drama, Horror, Thriller",105,860,7.7,48883
Zulu,1964,Cy Endfield,"Drama, History, War",138,861,7.7,35999
Goldfinger,1964,Guy Hamilton,"Action, Adventure, Thriller",110,862,7.7,174119
The Birds,1963,Alfred Hitchcock,"Drama, Horror, Mystery",119,863,7.7,171739
Cape Fear,1962,J. Lee Thompson,"Drama, Thriller",106,864,7.7,26457
Peeping Tom,1960,Michael Powell,"Drama, Horror, Thriller",101,865,7.7,31354
The Magnificent Seven,1960,John Sturges,"Action, Adventure, Western",128,866,7.7,87719
Les yeux sans visage,1960,Georges Franju,"Drama, Horror",90,867,7.7,27620
Invasion of the Body Snatchers,1956,Don Siegel,"Drama, Horror, Sci-Fi",80,868,7.7,44839
Rebel Without a Cause,1955,Nicholas Ray,Drama,111,869,7.7,83363
The Ladykillers,1955,Alexander Mackendrick,"Comedy, Crime",91,870,7.7,26464
Sabrina,1954,Billy Wilder,"Comedy, Drama, Romance",113,871,7.7,59415
The Quiet Man,1952,John Ford,"Comedy, Drama, Romance",129,872,7.7,34677
The Day the Earth Stood Still,1951,Robert Wise,"Drama, Sci-Fi",92,873,7.7,76315
The African Queen,1951,John Huston,"Adventure, Drama, Romance",105,874,7.7,71481
Gilda,1946,Charles Vidor,"Drama, Film-Noir, Romance",110,875,7.7,27991
Fantasia,1940,James Algar,"Animation, Family, Fantasy",125,876,7.7,88662
The Invisible Man,1933,James Whale,"Horror, Sci-Fi",71,877,7.7,30683
Dark Waters,2019,Todd Haynes,"Biography, Drama, History",126,878,7.6,60408
Searching,2018,Aneesh Chaganty,"Drama, Mystery, Thriller",102,879,7.6,140840
Once Upon a Time... in Hollywood,2019,Quentin Tarantino,"Comedy, Drama",161,880,7.6,551309
Nelyubov,2017,Andrey Zvyagintsev,Drama,127,881,7.6,29765
The Florida Project,2017,Sean Baker,Drama,111,882,7.6,95181
Just Mercy,2019,Destin Daniel Cretton,"Biography, Crime, Drama",137,883,7.6,46739
Gifted,2017,Marc Webb,Drama,101,884,7.6,99643
The Peanut Butter Falcon,2019,Tyler Nilson,"Adventure, Comedy, Drama",97,885,7.6,66346
Victoria,2015,Sebastian Schipper,"Crime, Drama, Romance",138,886,7.6,52903
Mustang,2015,Deniz Gamze Ergüven,Drama,97,887,7.6,35785
Guardians of the Galaxy Vol. 2,2017,James Gunn,"Action, Adventure, Comedy",136,888,7.6,569974
Baby Driver,2017,Edgar Wright,"Action, Crime, Drama",113,889,7.6,439406
Only the Brave,2017,Joseph Kosinski,"Action, Biography, Drama",134,890,7.6,58371
Bridge of Spies,2015,Steven Spielberg,"Drama, History, Thriller",142,891,7.6,287659
Incredibles 2,2018,Brad Bird,"Animation, Action, Adventure",118,892,7.6,250057
Moana,2016,Ron Clements,"Animation, Adventure, Comedy",107,893,7.6,272784
Sicario,2015,Denis Villeneuve,"Action, Crime, Drama",121,894,7.6,371291
Creed,2015,Ryan Coogler,"Drama, Sport",133,895,7.6,247666
Leviafan,2014,Andrey Zvyagintsev,"Crime, Drama",140,896,7.6,49397
Hell or High Water,2016,David Mackenzie,"Action, Crime, Drama",102,897,7.6,204175
Philomena,2013,Stephen Frears,"Biography, Comedy, Drama",98,898,7.6,94212
Dawn of the Planet of the Apes,2014,Matt Reeves,"Action, Adventure, Drama",130,899,7.6,411599
El cuerpo,2012,Oriol Paulo,"Mystery, Thriller",112,900,7.6,57549
Serbuan maut,2011,Gareth Evans,"Action, Thriller",101,901,7.6,190531
End of Watch,2012,David Ayer,"Action, Crime, Drama",109,902,7.6,228132
Kari-gurashi no Arietti,2010,Hiromasa Yonebayashi,"Animation, Adventure, Family",94,903,7.6,80939
A Star Is Born,2018,Bradley Cooper,"Drama, Music, Romance",136,904,7.6,334312
True Grit,2010,Ethan Coen,"Drama, Western",110,905,7.6,311822
Hævnen,2010,Susanne Bier,"Drama, Romance",118,906,7.6,38491
Despicable Me,2010,Pierre Coffin,"Animation, Comedy, Crime",95,907,7.6,500851
50/50,2011,Jonathan Levine,"Comedy, Drama, Romance",100,908,7.6,315426
Kick-Ass,2010,Matthew Vaughn,"Action, Comedy, Crime",117,909,7.6,524081
Celda 211,2009,Daniel Monzón,"Action, Adventure, Crime",113,910,7.6,63882
Moneyball,2011,Bennett Miller,"Biography, Drama, Sport",133,911,7.6,369529
La piel que habito,2011,Pedro Almodóvar,"Drama, Horror, Thriller",120,912,7.6,138959
Zombieland,2009,Ruben Fleischer,"Adventure, Comedy, Fantasy",88,913,7.6,520041
Die Welle,2008,Dennis Gansel,"Drama, Thriller",107,914,7.6,102742
Sherlock Holmes,2009,Guy Ritchie,"Action, Adventure, Mystery",128,915,7.6,583158
The Blind Side,2009,John Lee Hancock,"Biography, Drama, Sport",129,916,7.6,293266
The Visitor,2007,Tom McCarthy,Drama,104,917,7.6,41544
Seven Pounds,2008,Gabriele Muccino,Drama,123,918,7.6,286770
Eastern Promises,2007,David Cronenberg,"Action, Crime, Drama",100,919,7.6,227760
Stardust,2007,Matthew Vaughn,"Adventure, Family, Fantasy",127,920,7.6,255036
The Secret of Kells,2009,Tomm Moore,"Animation, Adventure, Family",71,921,7.6,31779
Inside Man,2006,Spike Lee,"Crime, Drama, Mystery",129,922,7.6,339757
Gone Baby Gone,2007,Ben Affleck,"Crime, Drama, Mystery",114,923,7.6,250590
La Vie En Rose,2007,Olivier Dahan,"Biography, Drama, Music",140,924,7.6,82781
Huo Yuan Jia,2006,Ronny Yu,"Action, Biography, Drama",104,925,7.6,72863
The Illusionist,2006,Neil Burger,"Drama, Fantasy, Mystery",110,926,7.6,354728
Dead Man's Shoes,2004,Shane Meadows,"Crime, Drama, Thriller",90,927,7.6,49728
Harry Potter and the Half-Blood Prince,2009,David Yates,"Action, Adventure, Family",153,928,7.6,474827
300,2006,Zack Snyder,"Action, Drama",117,929,7.6,732876
Match Point,2005,Woody Allen,"Drama, Romance, Thriller",124,930,7.6,206294
Watchmen,2009,Zack Snyder,"Action, Drama, Mystery",162,931,7.6,500799
Lord of War,2005,Andrew Niccol,"Action, Crime, Drama",122,932,7.6,294140
Saw,2004,James Wan,"Horror, Mystery, Thriller",103,933,7.6,379020
"Synecdoche, New York",2008,Charlie Kaufman,Drama,124,934,7.6,83158
Mysterious Skin,2004,Gregg Araki,Drama,105,935,7.6,65939
Jeux d'enfants,2003,Yann Samuell,"Comedy, Drama, Romance",93,936,7.6,67360
Un long dimanche de fiançailles,2004,Jean-Pierre Jeunet,"Drama, Mystery, Romance",133,937,7.6,70925
The Station Agent,2003,Tom McCarthy,"Comedy, Drama",89,938,7.6,67370
21 Grams,2003,Alejandro G. Iñárritu,"Crime, Drama, Thriller",124,939,7.6,224545
Boksuneun naui geot,2002,Chan-wook Park,"Crime, Drama, Thriller",129,940,7.6,62659
Finding Neverland,2004,Marc Forster,"Biography, Drama, Family",106,941,7.6,198677
25th Hour,2002,Spike Lee,Drama,135,942,7.6,169708
The Butterfly Effect,2004,Eric Bress,"Drama, Sci-Fi, Thriller",113,943,7.6,451479
28 Days Later...,2002,Danny Boyle,"Drama, Horror, Sci-Fi",113,944,7.6,376853
Batoru rowaiaru,2000,Kinji Fukasaku,"Action, Adventure, Drama",114,945,7.6,169091
The Royal Tenenbaums,2001,Wes Anderson,"Comedy, Drama",110,946,7.6,266842
Y tu mamá también,2001,Alfonso Cuarón,Drama,106,947,7.6,115827
Harry Potter and the Sorcerer's Stone,2001,Chris Columbus,"Adventure, Family, Fantasy",152,948,7.6,658185
The Others,2001,Alejandro Amenábar,"Horror, Mystery, Thriller",101,949,7.6,337651
Blow,2001,Ted Demme,"Biography, Crime, Drama",124,950,7.6,240714
Enemy at the Gates,2001,Jean-Jacques Annaud,"Drama, History, War",131,951,7.6,243729
Minority Report,2002,Steven Spielberg,"Action, Crime, Mystery",145,952,7.6,508417
The Hurricane,1999,Norman Jewison,"Biography, Drama, Sport",146,953,7.6,91557
American Psycho,2000,Mary Harron,"Comedy, Crime, Drama",101,954,7.6,490062
Lola rennt,1998,Tom Tykwer,"Crime, Drama, Thriller",81,955,7.6,188317
The Thin Red Line,1998,Terrence Malick,"Drama, War",170,956,7.6,172710
Mulan,1998,Tony Bancroft,"Animation, Adventure, Family",88,957,7.6,256906
Fear and Loathing in Las Vegas,1998,Terry Gilliam,"Adventure, Comedy, Drama",118,958,7.6,259753
Funny Games,1997,Michael Haneke,"Crime, Drama, Thriller",108,959,7.6,65058
Dark City,1998,Alex Proyas,"Mystery, Sci-Fi, Thriller",100,960,7.6,187927
Sleepers,1996,Barry Levinson,"Crime, Drama, Thriller",147,961,7.6,186734
Lost Highway,1997,David Lynch,"Mystery, Thriller",134,962,7.6,131101
Sense and Sensibility,1995,Ang Lee,"Drama, Romance",136,963,7.6,102598
Die Hard: With a Vengeance,1995,John McTiernan,"Action, Adventure, Thriller",128,964,7.6,364420
Dead Man,1995,Jim Jarmusch,"Adventure, Drama, Fantasy",121,965,7.6,90442
The Bridges of Madison County,1995,Clint Eastwood,"Drama, Romance",135,966,7.6,73172
Trois couleurs: Blanc,1994,Krzysztof Kieslowski,"Comedy, Drama, Romance",92,967,7.6,64390
Falling Down,1993,Joel Schumacher,"Action, Crime, Drama",113,968,7.6,171640
Dazed and Confused,1993,Richard Linklater,Comedy,102,969,7.6,165465
My Cousin Vinny,1992,Jonathan Lynn,"Comedy, Crime",120,970,7.6,107325
Omohide poro poro,1991,Isao Takahata,"Animation, Drama, Romance",118,971,7.6,27071
Delicatessen,1991,Marc Caro,"Comedy, Crime",99,972,7.6,80487
Home Alone,1990,Chris Columbus,"Comedy, Family",103,973,7.6,488817
The Godfather: Part III,1990,Francis Ford Coppola,"Crime, Drama",162,974,7.6,359809
When Harry Met Sally...,1989,Rob Reiner,"Comedy, Drama, Romance",95,975,7.6,195663
The Little Mermaid,1989,Ron Clements,"Animation, Family, Fantasy",83,976,7.6,237696
The Naked Gun: From the Files of Police Squad!,1988,David Zucker,"Comedy, Crime",85,977,7.6,152871
"Planes, Trains & Automobiles",1987,John Hughes,"Comedy, Drama",93,978,7.6,124773
Lethal Weapon,1987,Richard Donner,"Action, Crime, Thriller",109,979,7.6,236894
Blood Simple,1984,Joel Coen,"Crime, Drama, Thriller",99,980,7.6,87745
On Golden Pond,1981,Mark Rydell,Drama,109,981,7.6,27650
Mad Max 2,1981,George Miller,"Action, Adventure, Sci-Fi",96,982,7.6,166588
The Warriors,1979,Walter Hill,"Action, Crime, Thriller",92,983,7.6,93878
The Muppet Movie,1979,James Frawley,"Adventure, Comedy, Family",95,984,7.6,32802
Escape from Alcatraz,1979,Don Siegel,"Action, Biography, Crime",112,985,7.6,121731
Watership Down,1978,Martin Rosen,"Animation, Adventure, Drama",91,986,7.6,33656
Midnight Express,1978,Alan Parker,"Biography, Crime, Drama",121,987,7.6,73662
Close Encounters of the Third Kind,1977,Steven Spielberg,"Drama, Sci-Fi",138,988,7.6,184966
The Long Goodbye,1973,Robert Altman,"Comedy, Crime, Drama",112,989,7.6,26337
Giù la testa,1971,Sergio Leone,"Drama, War, Western",157,990,7.6,30144
Kelly's Heroes,1970,Brian G. Hutton,"Adventure, Comedy, War",144,991,7.6,45338
The Jungle Book,1967,Wolfgang Reitherman,"Animation, Adventure, Family",78,992,7.6,166409
Blowup,1966,Michelangelo Antonioni,"Drama, Mystery, Thriller",111,993,7.6,56513
A Hard Day's Night,1964,Richard Lester,"Comedy, Music, Musical",87,994,7.6,40351
Breakfast at Tiffany's,1961,Blake Edwards,"Comedy, Drama, Romance",115,995,7.6,166544
Giant,1956,George Stevens,"Drama, Western",201,996,7.6,34075
From Here to Eternity,1953,Fred Zinnemann,"Drama, Romance, War",118,997,7.6,43374
Lifeboat,1944,Alfred Hitchcock,"Drama, War",97,998,7.6,26471
The 39 Steps,1935,Alfred Hitchcock,"Crime, Mystery, Thriller",86,999,7.6,51853
